Category,Name,Price,Rating,Reviews,URL,Price_Category,Est_Revenue
Automobiles,CURREN Men Sport Watch Leather Strap Quartz Watch 30M Waterproof Male Wrist Watch Multi-function Chronograph Watch,19.99,5.0,415,https://www.banggood.com/CURREN-Men-Sport-Watch-Leather-Strap-Quartz-Watch-30M-Waterproof-Male-Wrist-Watch-Multi-function-Chronograph-Watch-p-2023268.html?cur_warehouse=CN&ID=6287835&rmmds=CategoryJewelryPop&trace_id=efdd1763844791443,Standard,8295.85
Automobiles,CURREN Chronograph Men Watch Casual Sports Fashion Calendar Analog Genuine Leather Wrist Watch,19.99,3.3,426,https://www.banggood.com/CURREN-Chronograph-Men-Watch-Casual-Sports-Fashion-Calendar-Analog-Genuine-Leather-Wrist-Watch-p-2023267.html?cur_warehouse=CN&ID=6287832&rmmds=CategoryJewelryPop&trace_id=efdd1763844791443,Standard,8515.74
Automobiles,[World Premiere]Zeblaze Stratos 2 Ultra 1.43 HD AMOLED GPS 10 ATM Waterproof Barometric Altimeter Compass 60 days Battery Life GPS Dual-band GNSS 6 Satellite Positioning System Health Management Ultimate Outdoor Smart Watch,49.99,4.9,314,https://www.banggood.com/World-PremiereZeblaze-Stratos-2-Ultra-1_43-HD-AMOLED-GPS-10-ATM-Waterproof-Barometric-Altimeter-Compass-60-days-Battery-Life-GPS-Dual-band-GNSS-6-Satellite-Positioning-System-Health-Management-Ultimate-Outdoor-Smart-Watch-p-2020824.html?cur_warehouse=CN&ID=6287853&rmmds=CategoryJewelryPop&trace_id=efdd1763844791443,Premium,15696.86
Automobiles,ET585 2.04inch AMOLED Display PPG+ECG Micro-physical Examination Function HRV Detection Heart Rate Blood Pressure Blood Oxygen Monitor Sleep Monitoring Blood Sugar Blood Component BMI Measurement Meto NFC Music Playback Waterproof Smart Watch,29.99,3.6,80,https://www.banggood.com/ET585-2_04inch-AMOLED-Display-PPG+ECG-Micro-physical-Examination-Function-HRV-Detection-Heart-Rate-Blood-Pressure-Blood-Oxygen-Monitor-Sleep-Monitoring-Blood-Sugar-Blood-Component-BMI-Measurement-Meto-NFC-Music-Playback-Waterproof-Smart-Watch-p-2018697.html?cur_warehouse=CN&ID=6287842&rmmds=CategoryJewelryPop&trace_id=efdd1763844791443,Premium,2399.2
Automobiles,Zeblaze Stratos 2 Plus 1.43 inch AMOLED GPS Health and Fitness Barometric Altimeter Compass 3 ATM Waterproof Smart Watch,39.99,3.7,370,https://www.banggood.com/Zeblaze-Stratos-2-Plus-1_43-inch-AMOLED-GPS-Health-and-Fitness-Barometric-Altimeter-Compass-3-ATM-Waterproof-Smart-Watch-p-2025436.html?cur_warehouse=CN&ID=6287830&rmmds=CategoryJewelryPop&trace_id=efdd1763844791443,Premium,14796.3
Automobiles,[World Premiere]Zeblaze Lily 2 1.2inch AMOLED Double Straps bluetooth Call Heart Rate Blood Pressure Blood Oxygen Monitor Sleep Monitoring Breathe Training Womens Health Multi-sport Modes IP68 Waterproof Smart Watch,33.99,3.1,81,https://www.banggood.com/World-PremiereZeblaze-Lily-2-1_2inch-AMOLED-Double-Straps-bluetooth-Call-Heart-Rate-Blood-Pressure-Blood-Oxygen-Monitor-Sleep-Monitoring-Breathe-Training-Womens-Health-Multi-sport-Modes-IP68-Waterproof-Smart-Watch-p-2027349.html?cur_warehouse=CN&ID=6287840&rmmds=CategoryJewelryPop&trace_id=efdd1763844791443,Premium,2753.19
Automobiles,"3 PCS Watch Repair Tool Set Watch Wrench Back Remover Tool Adjustable Opener Back Case Remover Watch Case Back Opener Set Repair Remover Holder Base, Tweezers",8.29,3.7,197,"https://www.banggood.com/3-PCS-Watch-Repair-Tool-Set-Watch-Wrench-Back-Remover-Tool-Adjustable-Opener-Back-Case-Remover-Watch-Case-Back-Opener-Set-Repair-Remover-Holder-Base,Tweezers-p-2024898.html?cur_warehouse=CN&ID=6294753&rmmds=CategoryJewelryPop&trace_id=efdd1763844791443",Budget,1633.13
Automobiles,Original Zeblaze 22mm Silicone Replacement Strap for Zeblaze Smart Watch 22mm Width,10.99,3.4,398,https://www.banggood.com/Original-Zeblaze-22mm-Silicone-Replacement-Strap-for-Zeblaze-Smart-Watch-22mm-Width-p-1994448.html?cur_warehouse=CN&ID=6287844&rmmds=CategoryJewelryPop&trace_id=efdd1763844791443,Budget,4374.02
Automobiles,"CURREN Business Men Watch Steel Band Multifunctional Chronograph Wristwatch Waterproof Round Watch, Ideal choice for Gifts",22.99,4.6,273,"https://www.banggood.com/CURREN-Business-Men-Watch-Steel-Band-Multifunctional-Chronograph-Wristwatch-Waterproof-Round-Watch,Ideal-choice-for-Gifts-p-2023596.html?cur_warehouse=CN&ID=6288936&rmmds=CategoryJewelryPop&trace_id=efdd1763844791443",Standard,6276.27
Automobiles,"11pcs Watch Link Removal Tool Kit Watch Band Tool Chain Pin Remover Repair Tool Kit for Watch Band Adjustment Watch, Watch Bracelet Sizing And Watch Repair",7.29,4.4,182,"https://www.banggood.com/11pcs-Watch-Link-Removal-Tool-Kit-Watch-Band-Tool-Chain-Pin-Remover-Repair-Tool-Kit-for-Watch-Band-Adjustment-Watch,Watch-Bracelet-Sizing-And-Watch-Repair-p-2025013.html?cur_warehouse=CN&ID=6287830&rmmds=CategoryJewelryPop&trace_id=efdd1763844791443",Budget,1326.78
Automobiles,"CRRJU Watches Men Simple Dial Bright Needle Wristwatch Waterproof Male Round Fashion Quartz Watch with a Box, Ideal Choice for Gifts",14.99,4.4,268,"https://www.banggood.com/CRRJU-Watches-Men-Simple-Dial-Bright-Needle-Wristwatch-Waterproof-Male-Round-Fashion-Quartz-Watch-with-a-Box,Ideal-Choice-for-Gifts-p-2021753.html?cur_warehouse=CN&ID=6287832&rmmds=CategoryJewelryPop&trace_id=efdd1763844791443",Standard,4017.32
Automobiles,22mm Quick Release Steel Mesh Belt Replacement Strap for Zeblaze Smart Watch,5.49,3.2,124,https://www.banggood.com/22mm-Quick-Release-Steel-Mesh-Belt-Replacement-Strap-for-Zeblaze-Smart-Watch-p-2004983.html?cur_warehouse=CN&ID=6287830&rmmds=CategoryJewelryPop&trace_id=efdd1763844791443,Budget,680.76
Automobiles,CRRJU Luxury Mens Business Watches Fashion Stainless Steel Quartz Watches Auto Date Luminous Steel Bracelet Wristwatch,16.29,4.4,245,https://www.banggood.com/CRRJU-Luxury-Mens-Business-Watches-Fashion-Stainless-Steel-Quartz-Watches-Auto-Date-Luminous-Steel-Bracelet-Wristwatch-p-2023169.html?cur_warehouse=CN&ID=6316362&rmmds=CategoryJewelryPop&trace_id=efdd1763844791443,Standard,3991.05
Automobiles,22mm Multi-color Hand-sewn Retro Cow Leather Smart Watch Band Replacement Strap,9.99,4.7,199,https://www.banggood.com/22mm-Multi-color-Hand-sewn-Retro-Cow-Leather-Smart-Watch-Band-Replacement-Strap-p-2010132.html?cur_warehouse=CN&ID=6326037&rmmds=CategoryJewelryPop&trace_id=efdd1763844791443,Budget,1988.01
Automobiles,BlitzWolf® BW-AT5 1.43 inch AMOLED 466*466 pixel Altitude Barometer Compass Full Touch Plus 5 Buttons Health Monitoring bluetooth Call Outdoor Sports Smart Watch,29.99,4.6,36,https://www.banggood.com/BlitzWolf-BW-AT5-1_43-inch-AMOLED-466+466-pixel-Altitude-Barometer-Compass-Full-Touch-Plus-5-Buttons-Health-Monitoring-bluetooth-Call-Outdoor-Sports-Smart-Watch-p-2017249.html?cur_warehouse=CN&ID=6287830&rmmds=CategoryJewelryPop&trace_id=efdd1763844791443,Premium,1079.64
Automobiles,LIGE Mens Sport Watches Big Dial Chronograph Watches Multifunctional Business Casual Quartz Watch Mens Waterproof Chronograph Wristwatches,35.99,3.5,204,https://www.banggood.com/LIGE-Mens-Sport-Watches-Big-Dial-Chronograph-Watches-Multifunctional-Business-Casual-Quartz-Watch-Mens-Waterproof-Chronograph-Wristwatches-p-2025015.html?cur_warehouse=CN&ID=6326832&rmmds=CategoryJewelryPop&trace_id=efdd1763844791443,Premium,7341.96
Automobiles,NAVIFORCE Men Multifunctional Quartz Watch Fashion Genuine Leather Strap Sports Watch Exquisite Waterproof Wristwatches for Mens Gift,27.29,4.1,200,https://www.banggood.com/NAVIFORCE-Men-Multifunctional-Quartz-Watch-Fashion-Genuine-Leather-Strap-Sports-Watch-Exquisite-Waterproof-Wristwatches-for-Mens-Gift-p-2024880.html?cur_warehouse=CN&ID=6287830&rmmds=CategoryJewelryPop&trace_id=efdd1763844791443,Standard,5458.0
Automobiles,LOKMAT G0041 22mm Multi-color Silicone Replacement Strap for LOKMAT Smart Watch 22mm Width,9.99,4.0,205,https://www.banggood.com/LOKMAT-G0041-22mm-Multi-color-Silicone-Replacement-Strap-for-LOKMAT-Smart-Watch-22mm-Width-p-1998280.html?cur_warehouse=CN&ID=6287830&rmmds=CategoryJewelryPop&trace_id=efdd1763844791443,Budget,2047.95
Automobiles,[2024 World Premiere]New Zeblaze Btalk 3 Plus 1.39 inch Large HD Color Display Fitness Tracking HiFi bluetooth Phone Calls Health and Fitness Tracking Smart Watch,49.99,4.2,274,https://www.banggood.com/2024-World-PremiereNew-Zeblaze-Btalk-3-Plus-1_39-inch-Large-HD-Color-Display-Fitness-Tracking-HiFi-bluetooth-Phone-Calls-Health-and-Fitness-Tracking-Smart-Watch-p-2013717.html?cur_warehouse=CN&ID=6287830&rmmds=CategoryJewelryPop&trace_id=efdd1763844791443,Premium,13697.26
Automobiles,SKMEI Mens Quartz Watch Waterproof Small Dial Date Calendar Simple Fashion Sports Watch for Men Women,15.29,3.9,310,https://www.banggood.com/SKMEI-Mens-Quartz-Watch-Waterproof-Small-Dial-Date-Calendar-Simple-Fashion-Sports-Watch-for-Men-Women-p-2023456.html?cur_warehouse=CN&ID=6287830&rmmds=CategoryJewelryPop&trace_id=efdd1763844791443,Standard,4739.9
Automobiles,NAVIFORCE Men Casual Sport Watch Calendar Quartz Wrist Watch Waterproof Shock Resistant Men Watches Leather Strap,17.49,3.8,487,https://www.banggood.com/NAVIFORCE-Men-Casual-Sport-Watch-Calendar-Quartz-Wrist-Watch-Waterproof-Shock-Resistant-Men-Watches-Leather-Strap-p-2025816.html?cur_warehouse=CN&ID=6287836&rmmds=CategoryJewelryPop&trace_id=efdd1763844791443,Standard,8517.63
Automobiles,CRRJU Mens Watches Luxury Fashion Large Dial Watches Stainless Steel Quartz Watch Waterproof Chronograph Business Casual Wristwatch,20.99,3.5,217,https://www.banggood.com/CRRJU-Mens-Watches-Luxury-Fashion-Large-Dial-Watches-Stainless-Steel-Quartz-Watch-Waterproof-Chronograph-Business-Casual-Wristwatch-p-2023168.html?cur_warehouse=CN&ID=6326832&rmmds=CategoryJewelryPop&trace_id=efdd1763844791443,Standard,4554.83
Automobiles,"CRRJU Men Watches Luxury Business Quartz Watch Fashion Waterproof Wristwatch, Ideal choice for Gifts",14.29,4.3,57,"https://www.banggood.com/CRRJU-Men-Watches-Luxury-Business-Quartz-Watch-Fashion-Waterproof-Wristwatch,Ideal-choice-for-Gifts-p-2025011.html?cur_warehouse=CN&ID=6287830&rmmds=CategoryJewelryPop&trace_id=efdd1763844791443",Standard,814.53
Automobiles,"CRRJU Mens Chronograph Watch, Stainless Steel Strap Men Watch, Fashion Waterproof Black Wristwatch with a Box Male Ideal Choice for Gifts",23.99,4.9,96,"https://www.banggood.com/CRRJU-Mens-Chronograph-Watch,Stainless-Steel-Strap-Men-Watch,Fashion-Waterproof-Black-Wristwatch-with-a-Box-Male-Ideal-Choice-for-Gifts-p-2021754.html?cur_warehouse=CN&ID=6316299&rmmds=CategoryJewelryPop&trace_id=efdd1763844791443",Standard,2303.04
Automobiles,SKMEI Mens Sport Digital Watches Fashion Stopwatch Dual Display Watch 3 Time Countdown Wrist Watch,17.49,3.6,35,https://www.banggood.com/SKMEI-Mens-Sport-Digital-Watches-Fashion-Stopwatch-Dual-Display-Watch-3-Time-Countdown-Wrist-Watch-p-2023453.html?cur_warehouse=CN&ID=6287830&rmmds=CategoryJewelryPop&trace_id=efdd1763844791443,Standard,612.15
Automobiles,NAVIFORCE Men Sport Watch TPU Strap Simple Dial Quartz Wristwatch Waterproof Watch,18.29,4.0,14,https://www.banggood.com/NAVIFORCE-Men-Sport-Watch-TPU-Strap-Simple-Dial-Quartz-Wristwatch-Waterproof-Watch-p-2025814.html?cur_warehouse=CN&ID=6287830&rmmds=CategoryJewelryPop&trace_id=efdd1763844791443,Standard,256.06
Automobiles,DT NO.I DT Watch Ultra 1.5inch HD Screen Built-in 4GB Memory 1000+ Songs ChatGPT/Recorder/NFC/Compass bluetooth Call Heart Rate Blood Oxygen Monitor Sleep Monitoring Multi-sport Modes Music Playback IP68 Waterproof Smart Watch,29.99,4.7,421,https://www.banggood.com/DT-NO_I-DT-Watch-Ultra-1_5inch-HD-Screen-Built-in-4GB-Memory-1000+-Songs-ChatGPT-or-Recorder-or-NFC-or-Compass-bluetooth-Call-Heart-Rate-Blood-Oxygen-Monitor-Sleep-Monitoring-Multi-sport-Modes-Music-Playback-IP68-Waterproof-Smart-Watch-p-2021843.html?cur_warehouse=CN&ID=6287830&rmmds=CategoryJewelryPop&trace_id=efdd1763844791443,Premium,12625.79
Automobiles,LIGE Mens Luxurious Fashion Quartz Watch Calendar Multifunction Waterproof Watch Chronograph Sport Wristwatch,23.29,4.3,95,https://www.banggood.com/LIGE-Mens-Luxurious-Fashion-Quartz-Watch-Calendar-Multifunction-Waterproof-Watch-Chronograph-Sport-Wristwatch-p-2025014.html?cur_warehouse=CN&ID=6326832&rmmds=CategoryJewelryPop&trace_id=efdd1763844791443,Standard,2212.55
Automobiles,Weofly Curve 1.43inch AMOLED Display bluetooth Call Heart Rate Blood Pressure Blood Oxygen Monitor Sleep Monitoring Stress Measurement Female Health Multi-sport Modes Music Playback IP68 Waterproof Smart Watch,32.99,3.0,220,https://www.banggood.com/Weofly-Curve-1_43inch-AMOLED-Display-bluetooth-Call-Heart-Rate-Blood-Pressure-Blood-Oxygen-Monitor-Sleep-Monitoring-Stress-Measurement-Female-Health-Multi-sport-Modes-Music-Playback-IP68-Waterproof-Smart-Watch-p-2026269.html?cur_warehouse=CN&ID=6287830&rmmds=CategoryJewelryPop&trace_id=efdd1763844791443,Premium,7257.8
Automobiles,CURREN Men Leather Strap Sport Watches Six-hand Chronograph Wristwatch Waterproof Watches Multifunctional Quartz Watch,21.29,4.5,411,https://www.banggood.com/CURREN-Men-Leather-Strap-Sport-Watches-Six-hand-Chronograph-Wristwatch-Waterproof-Watches-Multifunctional-Quartz-Watch-p-2023266.html?cur_warehouse=CN&ID=6287830&rmmds=CategoryJewelryPop&trace_id=efdd1763844791443,Standard,8750.19
Electronics,SEALIGHT S2S-H7 Pair Car Front LED Headlight Car Headlamp Hi/Low Beam Super Brightness Light Bulb 6500K Cool White,18.99,4.0,55,https://www.banggood.com/SEALIGHT-S2S-H7-Pair-Car-Front-LED-Headlight-Car-Headlamp-Hi-or-Low-Beam-Super-Brightness-Light-Bulb-6500K-Cool-White-p-2008375.html?rmmds=AutomobilesFlashDeals&cur_warehouse=CN&ID=0,Standard,1044.45
Electronics,12V/24V Car Heater Fan Fast Heat Truck/Excavator Interior Heating Auto Electric Heater Cooling Auto Windshield Defroster Defogger Demister,11.99,3.8,152,https://www.banggood.com/12V-or-24V-Car-Heater-Fan-Fast-Heat-Truck-or-Excavator-Interior-Heating-Auto-Electric-Heater-Cooling-Auto-Windshield-Defroster-Defogger-Demister-p-2023894.html?rmmds=AutomobilesFlashDeals&cur_warehouse=CN&ID=495546287830,Budget,1822.48
Electronics,Rain Shoe Covers Waterproof Anti-Slip Rainproof Motorcycle Shoe Covers High Long Tube Waterproof Shoe Covers Non-Slip Thickened Outdoor Riding Sandproof Snowproof,9.99,4.7,198,https://www.banggood.com/Rain-Shoe-Covers-Waterproof-Anti-Slip-Rainproof-Motorcycle-Shoe-Covers-High-Long-Tube-Waterproof-Shoe-Covers-Non-Slip-Thickened-Outdoor-Riding-Sandproof-Snowproof-p-2013254.html?rmmds=AutomobilesFlashDeals&cur_warehouse=CN&ID=521822,Budget,1978.02
Electronics,250W PD Car Charger QC3.0 Fast Charge with Digital Display Plug Car Charger Socket Flash Charge Digital Display Car Charger,5.99,3.9,408,https://www.banggood.com/250W-PD-Car-Charger-QC3_0-Fast-Charge-with-Digital-Display-Plug-Car-Charger-Socket-Flash-Charge-Digital-Display-Car-Charger-p-2014950.html?rmmds=AutomobilesFlashDeals&cur_warehouse=CN&ID=511646,Budget,2443.92
Electronics,5 Inch Single Din Car Stereo MP5 Player 300PPI Ultra-Clear Touchscreen bluetooth Reverse Interconnection Wireless Apple CarPlay/Android Auto USB Type-C Fast Charge,45.99,4.2,204,https://www.banggood.com/5-Inch-Single-Din-Car-Stereo-MP5-Player-300PPI-Ultra-Clear-Touchscreen-bluetooth-Reverse-Interconnection-Wireless-Apple-CarPlay-or-Android-Auto-USB-Type-C-Fast-Charge-p-2029089.html?rmmds=AutomobilesFlashDeals&cur_warehouse=CN&ID=6287830,Premium,9381.96
Electronics,Car Rear View Mirror Cap Cover For BMW F21 F22 F30 F32 F33 F34 F35 F36 E84 2012-2019 Carbon Fiber Look Direct Add-On M-Style,15.99,4.0,390,https://www.banggood.com/Car-Rear-View-Mirror-Cap-Cover-For-BMW-F21-F22-F30-F32-F33-F34-F35-F36-E84-2012-2019-Carbon-Fiber-Look-Direct-Add-On-M-Style-p-2017977.html?rmmds=AutomobilesFlashDeals&cur_warehouse=CN&ID=0,Standard,6236.1
Electronics,AZDOME GS63H Pro 2CH Dash Cam 4K with Super Night Vision 24H Parking Mode With 64G Memory Card Dual Dash Cam  4K+1080P Front Rear Cameras,109.99,3.4,55,https://www.banggood.com/AZDOME-GS63H-Pro-2CH-Dash-Cam-4K-with-Super-Night-Vision-24H-Parking-Mode-With-64G-Memory-Card-Dual-Dash-Cam-4K+1080P-Front-Rear-Cameras-p-2016930.html?rmmds=AutomobilesFlashDeals&cur_warehouse=CN&ID=0,Premium,6049.45
Electronics,4G GPS Car Locator Mini Locator Vehicle Tracker GPS Tracker Elderly/Children Car Alarm Tracking Device Multi-Scenario Locator,21.59,4.8,34,https://www.banggood.com/4G-GPS-Car-Locator-Mini-Locator-Vehicle-Tracker-GPS-Tracker-Elderly-or-Children-Car-Alarm-Tracking-Device-Multi-Scenario-Locator-p-2036509.html?rmmds=AutomobilesFlashDeals&cur_warehouse=CN&ID=6287830,Standard,734.06
Electronics,4000/5000/6000W Modified Sine Wave Solar Power Inverter 12/24V DC to 220V AC Voltage Converter,27.99,3.5,347,https://www.banggood.com/4000-or-5000-or-6000W-Modified-Sine-Wave-Solar-Power-Inverter-12-or-24V-DC-to-220V-AC-Voltage-Converter-p-1879052.html?rmmds=AutomobilesFlashDeals&cur_warehouse=CN&ID=63299736329979,Premium,9712.53
Electronics,VCDS 24.7 Scanner Tool Cable OBD2 Diagnostic Multi-language HEX V2 Wesheu VCDS COM for VAG for Audi/Skoda/Volkswagen,17.5,3.9,181,https://www.banggood.com/VCDS-24_7-Scanner-Tool-Cable-OBD2-Diagnostic-Multi-language-HEX-V2-Wesheu-VCDS-COM-for-VAG-for-Audi-or-Skoda-or-Volkswagen-p-2027577.html?rmmds=AutomobilesFlashDeals&cur_warehouse=CN&ID=6305884,Standard,3167.5
Electronics,SEALIGHT S2-H7 LED Car Front Headlight 28000LM Headlamps Hi Low Beam  6500K LED Headlights,16.59,3.2,405,https://www.banggood.com/SEALIGHT-S2-H7-LED-Car-Front-Headlight-28000LM-Headlamps-Hi-Low-Beam-6500K-LED-Headlights-p-2008374.html?rmmds=AutomobilesFlashDeals&cur_warehouse=CN&ID=0,Standard,6718.95
Electronics,12V Car Heater Fan Car Electric Heater Fan Winter Defog With Fast Heating Heater Portable Car Heater Car Windshield Defrost Fast Heating,13.99,3.4,416,https://www.banggood.com/12V-Car-Heater-Fan-Car-Electric-Heater-Fan-Winter-Defog-With-Fast-Heating-Heater-Portable-Car-Heater-Car-Windshield-Defrost-Fast-Heating-p-2021671.html?rmmds=AutomobilesFlashDeals&cur_warehouse=CN&ID=6287845,Standard,5819.84
Electronics,B-type Dual-hole AC to DC Adapter 1.7m Long for Diesel Heater Car Parking Accessories,18.99,4.9,311,https://www.banggood.com/B-type-Dual-hole-AC-to-DC-Adapter-1_7m-Long-for-Diesel-Heater-Car-Parking-Accessories-p-2024920.html?rmmds=AutomobilesFlashDeals&cur_warehouse=CN&ID=47758,Standard,5905.89
Electronics,1 Din 5 Inch Car Mp5 Player Car Card Radio bluetooth Reverse Amplifier Wireless Carplay Car Stereo Car Audio DVD Player,41.99,4.3,292,https://www.banggood.com/1-Din-5-Inch-Car-Mp5-Player-Car-Card-Radio-bluetooth-Reverse-Amplifier-Wireless-Carplay-Car-Stereo-Car-Audio-DVD-Player-p-2029074.html?rmmds=AutomobilesFlashDeals&cur_warehouse=CN&ID=6329850,Premium,12261.08
Electronics,2PCS Car Blind Spot Mirror 360° Adjustable HD Glass Wide Angle Rearview Frameless Round Frame Convex Blind Spot Mirror Safety Driving Wide Angle  Adjustable Clear Rearview Mirror,4.99,3.9,69,https://www.banggood.com/2PCS-Car-Blind-Spot-Mirror-360-Adjustable-HD-Glass-Wide-Angle-Rearview-Frameless-Round-Frame-Convex-Blind-Spot-Mirror-Safety-Driving-Wide-Angle-Adjustable-Clear-Rearview-Mirror-p-2019454.html?rmmds=AutomobilesFlashDeals&cur_warehouse=CN&ID=0,Budget,344.31
Electronics,2 Inch IPS Screen Car Dash Cam 3-Channel Driving Recorder G-sensor Loop Recording Parking Monitoring,29.99,4.2,245,https://www.banggood.com/2-Inch-IPS-Screen-Car-Dash-Cam-3-Channel-Driving-Recorder-G-sensor-Loop-Recording-Parking-Monitoring-p-2017590.html?rmmds=AutomobilesFlashDeals&cur_warehouse=CN&ID=6302920,Premium,7347.55
Electronics,"GPS Tracker for Vehicles  Portable GPS Tracking Device,Full Global Coverage Location Tracker for Car Kids Dogs",14.99,4.9,436,"https://www.banggood.com/GPS-Tracker-for-Vehicles-Portable-GPS-Tracking-Device,Full-Global-Coverage-Location-Tracker-for-Car-Kids-Dogs-p-2034924.html?rmmds=AutomobilesFlashDeals&cur_warehouse=CN&ID=6287830",Standard,6535.64
Electronics,CCS1 Electric Car Charging Converter 250KW High Power Charging Adapter For Tesla Charger Adapter Charging Gun Converter,53.99,4.7,29,https://www.banggood.com/CCS1-Electric-Car-Charging-Converter-250KW-High-Power-Charging-Adapter-For-Tesla-Charger-Adapter-Charging-Gun-Converter-p-1999898.html?rmmds=AutomobilesFlashDeals&cur_warehouse=CN&ID=0,Premium,1565.71
Electronics,Konnwei KW906 OBD2 ELM327 V1.5 Pic18F25K80 OBD 2 Bluetooth 5.0 Scanners Car Diagnostic tool Code Reader For Android/IOS,12.99,3.1,236,https://www.banggood.com/Konnwei-KW906-OBD2-ELM327-V1_5-Pic18F25K80-OBD-2-Bluetooth-5_0-Scanners-Car-Diagnostic-tool-Code-Reader-For-Android-or-IOS-p-2014925.html?rmmds=AutomobilesFlashDeals&cur_warehouse=CN&ID=6287842,Budget,3065.64
Electronics,INFITARY 12V H4 H7 H11 COB LED Car Headlight Bulbs Super Bright Modified Auto Light F2,9.99,4.6,47,https://www.banggood.com/INFITARY-12V-H4-H7-H11-COB-LED-Car-Headlight-Bulbs-Super-Bright-Modified-Auto-Light-F2-p-1977403.html?rmmds=AutomobilesFlashDeals&cur_warehouse=CN&ID=517841,Budget,469.53
Electronics,HCALORY bluetooth LCD Switch & Remote Control Parking Heater Accessories for 12V 24V Universal Voltage Models,18.99,4.2,431,https://www.banggood.com/HCALORY-bluetooth-LCD-Switch-and-Remote-Control-Parking-Heater-Accessories-for-12V-24V-Universal-Voltage-Models-p-1979116.html?rmmds=AutomobilesFlashDeals&cur_warehouse=CN&ID=0,Standard,8184.69
Electronics,OZIO 12/24V Car Lighter Charger Universal Fast Charging 66W QC3.0 USB PD20W Type-C Power Supply Socket Adapter 4in1 with LCD Display for Driver RTV SUV MPV,9.5,4.7,306,https://www.banggood.com/OZIO-12-or-24V-Car-Lighter-Charger-Universal-Fast-Charging-66W-QC3_0-USB-PD20W-Type-C-Power-Supply-Socket-Adapter-4in1-with-LCD-Display-for-Driver-RTV-SUV-MPV-p-2014199.html?rmmds=AutomobilesFlashDeals&cur_warehouse=CN&ID=0,Budget,2907.0
Electronics,7 Inch Touch Screen Car MP5 Player With Dash Cam AHD Portable Stereo Radio Wireless Carplay Monitor Android Auto BT FM Multimedia,29.99,4.1,285,https://www.banggood.com/7-Inch-Touch-Screen-Car-MP5-Player-With-Dash-Cam-AHD-Portable-Stereo-Radio-Wireless-Carplay-Monitor-Android-Auto-BT-FM-Multimedia-p-2019159.html?rmmds=AutomobilesFlashDeals&cur_warehouse=CN&ID=514829,Premium,8547.15
Electronics,5''IPS Screen Motorcycle Carplay Android Auto Brightness Adjustment IP68 Waterproof Bluetooth 5.0 Smart Screen Player,46.99,3.7,329,https://www.banggood.com/5IPS-Screen-Motorcycle-Carplay-Android-Auto-Brightness-Adjustment-IP68-Waterproof-Bluetooth-5_0-Smart-Screen-Player-p-2038639.html?rmmds=AutomobilesFlashDeals&cur_warehouse=CN&ID=6287830,Premium,15459.71
Electronics,Andeman 4000A 150PSI 11200mAh Portable Jump Starter with Air Compressor Function,49.99,3.0,366,https://www.banggood.com/Andeman-4000A-150PSI-11200mAh-Portable-Jump-Starter-with-Air-Compressor-Function-p-2040699.html?rmmds=AutomobilesFlashDeals&cur_warehouse=CN&ID=0,Premium,18296.34
Electronics,Sunbuck AV-660BT 2000W bluetooth 5.0 Audio Power Amplifier EQ Stereo AMP Car Home 2CH AUX USB FM Radio,29.99,4.0,243,https://www.banggood.com/Sunbuck-AV-660BT-2000W-bluetooth-5_0-Audio-Power-Amplifier-EQ-Stereo-AMP-Car-Home-2CH-AUX-USB-FM-Radio-p-1748941.html?rmmds=AutomobilesFlashDeals&cur_warehouse=CN&ID=471846287830,Premium,7287.57
Electronics,"LED Car sign,programmable LED sign, Flexible Matrix panel by Bluetooth APP, LED Display and Sign board for store, shop, bar and business areas",19.99,3.0,177,"https://www.banggood.com/LED-Car-sign,programmable-LED-sign,Flexible-Matrix-panel-by-Bluetooth-APP,LED-Display-and-Sign-board-for-store,shop,bar-and-business-areas-p-2031189.html?rmmds=AutomobilesFlashDeals&cur_warehouse=CN&ID=6332025",Standard,3538.23
Electronics,"2025 New Model Mini GPS Tracker,Magnetic Waterproof Covert GPS Tracker,Car Global Positioning System.Extra Long Range for Vehicles,Elderly,Kids,Pets",15.8,4.0,184,"https://www.banggood.com/2025-New-Model-Mini-GPS-Tracker,Magnetic-Waterproof-Covert-GPS-Tracker,Car-Global-Positioning-System_Extra-Long-Range-for-Vehicles,Elderly,Kids,Pets-p-2034124.html?rmmds=AutomobilesFlashDeals&cur_warehouse=CN&ID=6287830",Standard,2907.2
Electronics,12V / 24V 150W Car Heater portable Electric Heating Fan Automatic Windshield Dryer Defogging Demister Defroster,16.99,4.1,483,https://www.banggood.com/12V-or-24V-150W-Car-Heater-portable-Electric-Heating-Fan-Automatic-Windshield-Dryer-Defogging-Demister-Defroster-p-2042554.html?rmmds=AutomobilesFlashDeals&cur_warehouse=CN&ID=6335602,Standard,8206.17
Electronics,Xparkle Smart RV Leveling System bluetooth Wireless Control RVS01 Real-Time Precise Leveling Measurements Advanced Wireless Camper Leveler,42.99,3.8,41,https://www.banggood.com/Xparkle-Smart-RV-Leveling-System-bluetooth-Wireless-Control-RVS01-Real-Time-Precise-Leveling-Measurements-Advanced-Wireless-Camper-Leveler-p-2033549.html?rmmds=AutomobilesFlashDeals&cur_warehouse=CN&ID=6287830,Premium,1762.59
Electronics,4 Wheel USB Android Car Tire Pressure Alarm System 433.92MHz TPMS Wireless Transmission Auto Security Temperature Alarm System,32.99,3.5,169,https://www.banggood.com/4-Wheel-USB-Android-Car-Tire-Pressure-Alarm-System-433_92MHz-TPMS-Wireless-Transmission-Auto-Security-Temperature-Alarm-System-p-2035654.html?rmmds=AutomobilesFlashDeals&cur_warehouse=CN&ID=534310,Premium,5575.31
Electronics,HTRC 6V 12V 24V 10A-30A Smart Repair Battery Maintainer Charger P30 Charging Charger for Car Motorcycle Boat Lead-Acid AGM Lithium LiFePo4 Battery,85.99,3.5,72,https://www.banggood.com/HTRC-6V-12V-24V-10A-30A-Smart-Repair-Battery-Maintainer-Charger-P30-Charging-Charger-for-Car-Motorcycle-Boat-Lead-Acid-AGM-Lithium-LiFePo4-Battery-p-2013219.html?rmmds=AutomobilesFlashDeals&cur_warehouse=CN&ID=47758,Premium,6191.28
Electronics,9,72.99,4.5,42,https://www.banggood.com/9-inch-2-Din-1+16G-Android-8-Car-Stereo-Radio-IPS-2_5D-Touch-Screen-MP5-Player-GPS-WIFI-FM-p-2009508.html?rmmds=AutomobilesFlashDeals&cur_warehouse=CN&ID=5582556325927,Premium,3065.58
Electronics,75mm/90mm 1m Heater Duct Hose Hot Cold Air Heater Ducting Aluminum Foil For Webasto Eberspacher Air Diesel Parking Heater,8.99,4.1,405,https://www.banggood.com/75mm-or-90mm-1m-Heater-Duct-Hose-Hot-Cold-Air-Heater-Ducting-Aluminum-Foil-For-Webasto-Eberspacher-Air-Diesel-Parking-Heater-p-2042552.html?rmmds=AutomobilesFlashDeals&cur_warehouse=CN&ID=6310924,Budget,3640.95
Electronics,Premium Foldable Car Boot Organiser Large Capacity Oxford Fabric Non Slip Design Collapsible Storage Bag with Multiple Compartments Water Repellent,49.99,3.8,223,https://www.banggood.com/Premium-Foldable-Car-Boot-Organiser-Large-Capacity-Oxford-Fabric-Non-Slip-Design-Collapsible-Storage-Bag-with-Multiple-Compartments-Water-Repellent-p-2039934.html?rmmds=AutomobilesFlashDeals&cur_warehouse=CN&ID=224,Premium,11147.77
Electronics,3-IN-1 Wireless Android14 Carplay Android Auto Adapter Upgrade Plug&Play For Youtube Netflix Dongle Wireless Car AI TV BOX,36.99,4.5,378,https://www.banggood.com/3-IN-1-Wireless-Android14-Carplay-Android-Auto-Adapter-Upgrade-PlugandPlay-For-Youtube-Netflix-Dongle-Wireless-Car-AI-TV-BOX-p-2037358.html?rmmds=AutomobilesFlashDeals&cur_warehouse=CN&ID=6325244,Premium,13982.22
Electronics,Car Motorcycle Van 0-200Psi Digital LCD Tyre Tire Air Pump Pressure Gauge Tester,16.99,4.4,172,https://www.banggood.com/Car-Motorcycle-Van-0-200Psi-Digital-LCD-Tyre-Tire-Air-Pump-Pressure-Gauge-Tester-p-1978928.html?rmmds=AutomobilesFlashDeals&cur_warehouse=CN&ID=0,Standard,2922.28
Electronics,Exhaust Hose Length 300mm Diameter 60mm Stainless Steel / Muffler For Air Diesel Auxiliary Heater,11.99,3.3,473,https://www.banggood.com/Exhaust-Hose-Length-300mm-Diameter-60mm-Stainless-Steel-or-Muffler-For-Air-Diesel-Auxiliary-Heater-p-2042934.html?rmmds=AutomobilesFlashDeals&cur_warehouse=CN&ID=6301877,Budget,5671.27
Electronics,iMars 7023B 7 Inch 2 DIN Car MP5 Player Stereo Radio FM USB AUX HD bluetooth Touch Screen Support Rear Camera,32.99,4.7,57,https://www.banggood.com/IMars-7023B-7-Inch-2-DIN-Car-MP5-Player-Stereo-Radio-FM-USB-AUX-HD-bluetooth-Touch-Screen-Support-Rear-Camera-p-1989826.html?rmmds=AutomobilesFlashDeals&cur_warehouse=CN&ID=0,Premium,1880.43
Electronics,High-Quality Portable Car Heater Fan  Fast  Efficient  Reliable - Perfect for Tech-Savvy Car Owners,15.99,4.2,302,https://www.banggood.com/High-Quality-Portable-Car-Heater-Fan-Fast-Efficient-Reliable-Perfect-for-Tech-Savvy-Car-Owners-p-2040547.html?rmmds=AutomobilesFlashDeals&cur_warehouse=CN&ID=6287830,Standard,4828.98
Electronics,"150,000 RPM Multifunctional Mini Turbo Blower 5 Speed Gear LED Display Air Blower Handheld Car Fan Air Duster with Light",41.79,3.2,95,"https://www.banggood.com/150,000-RPM-Multifunctional-Mini-Turbo-Blower-5-Speed-Gear-LED-Display-Air-Blower-Handheld-Car-Fan-Air-Duster-with-Light-p-2032517.html?rmmds=AutomobilesFlashDeals&cur_warehouse=CN&ID=6287830",Premium,3970.05
Electronics,200W High Power Car Inverter Charger 12V To 110V 220V Multi-Function Converter Type-C Mobile Phone Fast Charging with Eight Output Port,12.99,3.5,348,https://www.banggood.com/200W-High-Power-Car-Inverter-Charger-12V-To-110V-220V-Multi-Function-Converter-Type-C-Mobile-Phone-Fast-Charging-with-Eight-Output-Port-p-2017628.html?rmmds=AutomobilesFlashDeals&cur_warehouse=CN&ID=554483,Budget,4520.52
Electronics,12V-24V 60W Triple USB Car Charger Socket PD3.0 & Dual QC3.0 with Touch Switch Fast Charge Adapter Bus Trailer Boats,6.59,3.9,346,https://www.banggood.com/12V-24V-60W-Triple-USB-Car-Charger-Socket-PD3_0-and-Dual-QC3_0-with-Touch-Switch-Fast-Charge-Adapter-Bus-Trailer-Boats-p-1977398.html?rmmds=AutomobilesFlashDeals&cur_warehouse=CN&ID=6283720,Budget,2280.14
Electronics,JDiag T300 OBD2 Scanner 2.8 Inch TFT Screen OBDII Multi-function Vehicles Automatic Vehicle Year Recognition Data Stream Recording,35.99,3.7,56,https://www.banggood.com/JDiag-T300-OBD2-Scanner-2_8-Inch-TFT-Screen-OBDII-Multi-function-Vehicles-Automatic-Vehicle-Year-Recognition-Data-Stream-Recording-p-2043627.html?rmmds=AutomobilesFlashDeals&cur_warehouse=CN&ID=224,Premium,2015.44
Electronics,Mobile Phone Holder Navigation Specific Car Support Mount Multi Functional Advanced Anti Slip Car Dashboard Phone Stand,13.99,3.4,253,https://www.banggood.com/Mobile-Phone-Holder-Navigation-Specific-Car-Support-Mount-Multi-Functional-Advanced-Anti-Slip-Car-Dashboard-Phone-Stand-p-2039276.html?rmmds=AutomobilesFlashDeals&cur_warehouse=CN&ID=6287830,Standard,3539.47
Electronics,Heated Seat Cushion Office USB Winter Warmer Temperature Adjustable Graphene 5V Electric Chair Pad Electric Heating Cushion Pad Chair Winter Warming 3 Layer Blanket,24.99,3.8,184,https://www.banggood.com/Heated-Seat-Cushion-Office-USB-Winter-Warmer-Temperature-Adjustable-Graphene-5V-Electric-Chair-Pad-Electric-Heating-Cushion-Pad-Chair-Winter-Warming-3-Layer-Blanket-p-2023732.html?rmmds=AutomobilesFlashDeals&cur_warehouse=CN&ID=6287830,Standard,4598.16
Electronics,Car Seat Heater Cushion 12V24V Winter Front Single Seat Heating Pad Car Electric Heating Mat Seat Mat Heating Vest Heated Car Seat Cushion for Winter,28.99,4.5,246,https://www.banggood.com/Car-Seat-Heater-Cushion-12V24V-Winter-Front-Single-Seat-Heating-Pad-Car-Electric-Heating-Mat-Seat-Mat-Heating-Vest-Heated-Car-Seat-Cushion-for-Winter-p-2023743.html?rmmds=AutomobilesFlashDeals&cur_warehouse=CN&ID=6287830,Premium,7131.54
Electronics,Violent Turbo Fan Brushless Electric Motor Vacuum Cleaner 4500Kpa 100000RPM Multi-Function Blowing Suction Handheld Portable,28.99,4.6,396,https://www.banggood.com/Violent-Turbo-Fan-Brushless-Electric-Motor-Vacuum-Cleaner-4500Kpa-100000RPM-Multi-Function-Blowing-Suction-Handheld-Portable-p-2041620.html?rmmds=AutomobilesFlashDeals&cur_warehouse=CN&ID=6287830,Premium,11480.04
Lights,Blitzwolf V10 3,54.18,4.4,147,https://www.banggood.com/Blitzwolf-V10-3-inch-LCD-Projector-120-Inch-Screen-Wireless-Cast-Screen-5G-WIFI-Dual-Bluetooth5_1-Electric-Focus-UPandDown-Keystone-Correction-Home-Theater-Outdoor-Movie-Lights-Outdoor-p-2023431.html?rmmds=ComputersFlashDeals&cur_warehouse=CN&ID=477576325077,Premium,7964.46
Lights,BlitzWolf® BW-CML2 Air Monitor Light Bar Touch Control Eye Protection Anti-Glare 300-1000Lux Adjustable Cool/Mix/Warm Light Color Temperature USB e-Reading Light for Home Office PC Computer,9.28,4.2,308,https://www.banggood.com/BlitzWolf-BW-CML2-Air-Monitor-Light-Bar-Touch-Control-Eye-Protection-Anti-Glare-300-1000Lux-Adjustable-Cool-or-Mix-or-Warm-Light-Color-Temperature-USB-e-Reading-Light-for-Home-Office-PC-Computer-p-1989949.html?rmmds=ComputersFlashDeals&cur_warehouse=CN&ID=0,Budget,2858.24
Lights,AULA F75 80 Keys Tri-mode Customized Mechanical Gaming Keyboard Hot Swappable RGB BT/2.4G/Type-C 75% Layout Wireless Gaming Keyboard Gasket Structure,46.44,3.1,36,https://www.banggood.com/AULA-F75-80-Keys-Tri-mode-Customized-Mechanical-Gaming-Keyboard-Hot-Swappable-RGB-BT-or-2_4G-or-Type-C-75-pencent-Layout-Wireless-Gaming-Keyboard-Gasket-Structure-p-2040415.html?rmmds=ComputersFlashDeals&cur_warehouse=CN&ID=62878326325805,Premium,1671.84
Lights,Bakeey PB-C7366 8-in-1 USB-C Hub Docking Station Adapter With 4K HDMI HD Display / 87W USB-C PD3.0 Power Delivery / USB-C Data Transmission / 2 * USB 3.0 / RJ45 Ethernet / Memory Card Readers,8.51,4.5,473,https://www.banggood.com/Bakeey-PB-C7366-8-in-1-USB-C-Hub-Docking-Station-Adapter-With-4K-HDMI-HD-Display-or-87W-USB-C-PD3_0-Power-Delivery-or-USB-C-Data-Transmission-or-2-+-USB-3_0-or-RJ45-Ethernet-or-Memory-Card-Readers-p-1705441.html?rmmds=ComputersFlashDeals&cur_warehouse=CN&ID=0,Budget,4025.23
Lights,15.6 Inch 2.5K Touchable Type C HD Portable Computer Monitor Gaming Display Screen for Smartphone Tablet Laptop Game Consoles,147.08,4.0,323,https://www.banggood.com/15_6-Inch-2_5K-Touchable-Type-C-HD-Portable-Computer-Monitor-Gaming-Display-Screen-for-Smartphone-Tablet-Laptop-Game-Consoles-p-2014580.html?rmmds=ComputersFlashDeals&cur_warehouse=CN&ID=6326682,Premium,47506.84
Lights,Lenovo ThinkPlus TPCU301plus Type-C USB3.0 Flash Drive Dual Metal Port 360° Rotation Heat Resistance OTG A+ Chip Fa,6.96,4.8,458,https://www.banggood.com/Lenovo-ThinkPlus-TPCU301plus-Type-C-USB3_0-Flash-Drive-Dual-Metal-Port-360-Rotation-Heat-Resistance-OTG-A+-Chip-Fa-p-2031690.html?rmmds=ComputersFlashDeals&cur_warehouse=CN&ID=43653,Budget,3187.68
Lights,[Netflix Certified] BlitzWolf BW-V10 Ultra Android Tv 13.0 Projector 4K Supported Built-in Youtube Hulu 500 ANSI Lumens Electric Focus & Mental Keystone Correction Portable Outdoor Projector Beamer,89.03,3.3,127,https://www.banggood.com/Netflix-Certified-BlitzWolf-BW-V10-Ultra-Android-Tv-13_0-Projector-4K-Supported-Built-in-Youtube-Hulu-500-ANSI-Lumens-Electric-Focus-and-Mental-Keystone-Correction-Portable-Outdoor-Projector-Beamer-p-2033836.html?rmmds=ComputersFlashDeals&cur_warehouse=CN&ID=6287830,Premium,11306.81
Lights,"BlitzWolf® BW-CML6 RGB Gaming Monitor Light Bar with Wireless Remote Control, Dynamic Pickup, Stepless Dimming/Color Temperature, Dual Light Source, Asymmetric Optical Design Eye Protection Anti-Glare for Home Office PC Computer",27.86,4.3,63,"https://www.banggood.com/BlitzWolf-BW-CML6-RGB-Gaming-Monitor-Light-Bar-with-Wireless-Remote-Control,Dynamic-Pickup,Stepless-Dimming-or-Color-Temperature,Dual-Light-Source,Asymmetric-Optical-Design-Eye-Protection-Anti-Glare-for-Home-Office-PC-Computer-p-2030905.html?rmmds=ComputersFlashDeals&cur_warehouse=CN&ID=6287830",Standard,1755.18
Lights,AULA F75 80 Keys Tri-mode Customized Mechanical Gaming Keyboard Hot Swappable RGB BT/2.4G/Type-C Wired 75% Layout Gaming Keyboard Gasket Structure,47.22,3.1,345,https://www.banggood.com/AULA-F75-80-Keys-Tri-mode-Customized-Mechanical-Gaming-Keyboard-Hot-Swappable-RGB-BT-or-2_4G-or-Type-C-Wired-75-pencent-Layout-Gaming-Keyboard-Gasket-Structure-p-2009584.html?rmmds=ComputersFlashDeals&cur_warehouse=CN&ID=62878326325805,Premium,16290.9
Lights,BlitzWolf® BW-NEW TH5 10 in 1 USB Hubs with HD 4K@30Hz USB3.0 / USB2.0 / Type-C 2.0 / RJ45 Ethernet / 100W PD Charging / SD TF Card Slots Docking Station for Apple Huawei Laptops Macbook,10.83,4.1,217,https://www.banggood.com/BlitzWolf-BW-NEW-TH5-10-in-1-USB-Hubs-with-HD-4K-at-30Hz-USB3_0-or-USB2_0-or-Type-C-2_0-or-RJ45-Ethernet-or-100W-PD-Charging-or-SD-TF-Card-Slots-Docking-Station-for-Apple-Huawei-Laptops-Macbook-p-1995235.html?rmmds=ComputersFlashDeals&cur_warehouse=CN&ID=0,Budget,2350.11
Lights,15.6 Inch FHD 1080P Touchable Type C HD Portable Computer Monitor Gaming Display Screen for Smartphone Tablet Laptop Game Consoles,108.38,4.3,45,https://www.banggood.com/15_6-Inch-FHD-1080P-Touchable-Type-C-HD-Portable-Computer-Monitor-Gaming-Display-Screen-for-Smartphone-Tablet-Laptop-Game-Consoles-p-2014581.html?rmmds=ComputersFlashDeals&cur_warehouse=CN&ID=6326682,Premium,4877.1
Lights,Lenovo SS380 Type-C & USB3.2 Flash Drive 512GB/256GB/128GB/64GB  High Speed Dual Interface Portable Memory U Disk Pendrive,11.6,4.7,136,https://www.banggood.com/Lenovo-SS380-Type-C-and-USB3_2-Flash-Drive-512GB-or-256GB-or-128GB-or-64GB-High-Speed-Dual-Interface-Portable-Memory-U-Disk-Pendrive-p-2027769.html?rmmds=ComputersFlashDeals&cur_warehouse=CN&ID=5153356287836,Budget,1577.6
Lights,BlitzWolf®BW-V8 FHD Projector LCD LED Android 11.0 OS 480ANSI Lumens 4D Keystone Correction Dual-5G WIFI 4K Decoding Digital Zoom Mini Portable Projector Outdoor Movie,85.15,3.1,185,https://www.banggood.com/BlitzWolfBW-V8-FHD-Projector-LCD-LED-Android-11_0-OS-480ANSI-Lumens-4D-Keystone-Correction-Dual-5G-WIFI-4K-Decoding-Digital-Zoom-Mini-Portable-Projector-Outdoor-Movie-p-2012276.html?rmmds=ComputersFlashDeals&cur_warehouse=CN&ID=6325077,Premium,15752.75
Lights,BlitzWolf® BW-CML2 RGB Gaming Monitor Light Bar Dual Light Source 300-1000Lux Adjustable Cool/Mix/Warm Light Color Temperature Eye Protection Anti-Glare USB e-Reading Light Touch Control for Home Office PC Computer,16.25,4.9,122,https://www.banggood.com/BlitzWolf-BW-CML2-RGB-Gaming-Monitor-Light-Bar-Dual-Light-Source-300-1000Lux-Adjustable-Cool-or-Mix-or-Warm-Light-Color-Temperature-Eye-Protection-Anti-Glare-USB-e-Reading-Light-Touch-Control-for-Home-Office-PC-Computer-p-1874092.html?rmmds=ComputersFlashDeals&cur_warehouse=CN&ID=6329378,Standard,1982.5
Lights,Attack Shark X5 Tri-mode Wireless Gaming Mouse PAW3212 Chip 4000DPI RGB Light 35H Battery Life 49g Lightweight 2.4G/BT5.0/Type-C Wired E-sports Gamer Mice,9.28,3.3,93,https://www.banggood.com/Attack-Shark-X5-Tri-mode-Wireless-Gaming-Mouse-PAW3212-Chip-4000DPI-RGB-Light-35H-Battery-Life-49g-Lightweight-2_4G-or-BT5_0-or-Type-C-Wired-E-sports-Gamer-Mice-p-2022363.html?rmmds=ComputersFlashDeals&cur_warehouse=CN&ID=6287845,Budget,863.04
Lights,BlitzWolf® BW-NEW TH8 10-in-1 Type-C HUB with Type-C PD 100W Power Delivery USB3.0 Type-C 3.0 4K@60HZ SD & TF Card Slot RJ45 1000Mbps,17.02,4.1,247,https://www.banggood.com/BlitzWolf-BW-NEW-TH8-10-in-1-Type-C-HUB-with-Type-C-PD-100W-Power-Delivery-USB3_0-Type-C-3_0-4K-at-60HZ-SD-and-TF-Card-Slot-RJ45-1000Mbps-p-2018119.html?rmmds=ComputersFlashDeals&cur_warehouse=CN&ID=6300976,Standard,4203.94
Lights,GY156SP 15.6inch Dual Screen Portable Gaming Monitor 2560x1440 100% sRGB HDR IPS Type-C/Mini HD/3.5mm AUX Secondary Display Screen with Four Speakers Foldable Monitors for Phone Laptop Game Console Office,166.44,4.1,11,https://www.banggood.com/GY156SP-15_6inch-Dual-Screen-Portable-Gaming-Monitor-2560x1440-100-pencent-sRGB-HDR-IPS-Type-C-or-Mini-HD-or-3_5mm-AUX-Secondary-Display-Screen-with-Four-Speakers-Foldable-Monitors-for-Phone-Laptop-Game-Console-Office-p-2023436.html?rmmds=ComputersFlashDeals&cur_warehouse=CN&ID=6329519,Premium,1830.84
Lights,YT100 Mini Wifi Smart Portable Outdoor Projector Full HD1080P Office Home Theater Movie Wireless Same Screen Projector,20.12,4.3,60,https://www.banggood.com/YT100-Mini-Wifi-Smart-Portable-Outdoor-Projector-Full-HD1080P-Office-Home-Theater-Movie-Wireless-Same-Screen-Projector-p-2003672.html?rmmds=ComputersFlashDeals&cur_warehouse=CN&ID=6287830,Standard,1207.2
Lights,Curved RGB Monitor Light Bar RGB Dazzling Lighting Dynamic with Rhythm LED Computer Light Light Eye-protect Asymmetrical Optical,16.25,3.1,82,https://www.banggood.com/Curved-RGB-Monitor-Light-Bar-RGB-Dazzling-Lighting-Dynamic-with-Rhythm-LED-Computer-Light-Light-Eye-protect-Asymmetrical-Optical-p-1976232.html?rmmds=ComputersFlashDeals&cur_warehouse=CN&ID=6287830,Standard,1332.5
Lights,Dual Mode BT3.0/5.2 2.4G Wireless Mouse Adjustable 800-1600DPI Rechargeable LED Light Silent Mice for Laptop PC,4.64,4.1,240,https://www.banggood.com/Dual-Mode-BT3_0-or-5_2-2_4G-Wireless-Mouse-Adjustable-800-1600DPI-Rechargeable-LED-Light-Silent-Mice-for-Laptop-PC-p-1968516.html?rmmds=ComputersFlashDeals&cur_warehouse=CN&ID=6287830,Budget,1113.6
Lights,7 in 1 Type-C Docking Station with USB Adapter USB2.0*4 USB3.0 USB-C Data PD5W USB-C Multiport Hub Splitter Adaptor for PC Laptop,8.51,3.9,269,https://www.banggood.com/7-in-1-Type-C-Docking-Station-with-USB-Adapter-USB2_0+4-USB3_0-USB-C-Data-PD5W-USB-C-Multiport-Hub-Splitter-Adaptor-for-PC-Laptop-p-1985809.html?rmmds=ComputersFlashDeals&cur_warehouse=CN&ID=0,Budget,2289.19
Lights,HAILESI 10.5 Inch Touchable FHD 1280P Portable Monitor Computer Gaming Display USB C External Screen for Smartphone Tablet Laptop Game Consoles,92.12,3.1,277,https://www.banggood.com/HAILESI-10_5-Inch-Touchable-FHD-1280P-Portable-Monitor-Computer-Gaming-Display-USB-C-External-Screen-for-Smartphone-Tablet-Laptop-Game-Consoles-p-2027931.html?rmmds=ComputersFlashDeals&cur_warehouse=CN&ID=6287836,Premium,25517.24
Lights,"BlitzWolf® BW-HDC8 Thunderbolt5 Cable 240W Fast Charging up to 120Gbps Bandwidth for 16K Dual 8K/6K Compatible for Thunderbolt 5/4/3, USB4, NVME SSD, MacBook M4 Pro, Dock, eGPU",9.28,4.6,18,"https://www.banggood.com/BlitzWolf-BW-HDC8-Thunderbolt5-Cable-240W-Fast-Charging-up-to-120Gbps-Bandwidth-for-16K-Dual-8K-or-6K-Compatible-for-Thunderbolt-5-or-4-or-3,USB4,NVME-SSD,MacBook-M4-Pro,Dock,eGPU-p-2031015.html?rmmds=ComputersFlashDeals&cur_warehouse=CN&ID=520678",Budget,167.04
Lights,BlitzWolf® BW-TF1 Class 10 UHS-1 32GB UHS-3 V30 64GB 128GB Micro SD TF Memory Card with Adapter,6.96,3.7,441,https://www.banggood.com/BlitzWolf-BW-TF1-Class-10-UHS-1-32GB-UHS-3-V30-64GB-128GB-Micro-SD-TF-Memory-Card-with-Adapter-p-1490559.html?rmmds=ComputersFlashDeals&cur_warehouse=CN&ID=43653,Budget,3069.36
Lights,UGREEN CM841 for Mac Mini 11-in-1 Docking Station with M.2 NVMe SSD Slot 10Gbps USB-A Hub 3.5MM SD TF Card Reader Expansion Hub,41.8,3.6,423,https://www.banggood.com/UGREEN-CM841-for-Mac-Mini-11-in-1-Docking-Station-with-M_2-NVMe-SSD-Slot-10Gbps-USB-A-Hub-3_5MM-SD-TF-Card-Reader-Expansion-Hub-p-2039330.html?rmmds=ComputersFlashDeals&cur_warehouse=CN&ID=6321928,Premium,17681.4
Lights,Salange P92MAX Smart Projector Android 13 Netflix Officially Licensed 12000 Lumens 1080P Native Auto Focus Keystone WiFi 6 Bluetooth 5.2 4K Supported Smart Home Cinema,95.59,3.3,158,https://www.banggood.com/Salange-P92MAX-Smart-Projector-Android-13-Netflix-Officially-Licensed-12000-Lumens-1080P-Native-Auto-Focus-Keystone-WiFi-6-Bluetooth-5_2-4K-Supported-Smart-Home-Cinema-p-2035209.html?rmmds=ComputersFlashDeals&cur_warehouse=CN&ID=47758,Premium,15103.22
Lights,MCHOSE Jet 75 Hall Effect Magnetic Switch Mechanical Keyboard 80 keys RGB Gasket Structure 8K Polling Rate 0.1ms Ultra-Low Latency Wired Custom Gaming Keyboard,53.41,4.8,492,https://www.banggood.com/MCHOSE-Jet-75-Hall-Effect-Magnetic-Switch-Mechanical-Keyboard-80-keys-RGB-Gasket-Structure-8K-Polling-Rate-0_1ms-Ultra-Low-Latency-Wired-Custom-Gaming-Keyboard-p-2030753.html?rmmds=ComputersFlashDeals&cur_warehouse=CN&ID=62878456331404,Premium,26277.72
Lights,BlitzWolf® BW-VF3 Projector Stand Tripod Stable 360° Adjustment Aluminum Alloy Weight Capacity 10KG Portable For Outside Outdoor Movie Universal Projector Mount Compatible for Most Projector V3 V4 V5 V7 etc,13.93,3.7,89,https://www.banggood.com/BlitzWolf-BW-VF3-Projector-Stand-Tripod-Stable-360-Adjustment-Aluminum-Alloy-Weight-Capacity-10KG-Portable-For-Outside-Outdoor-Movie-Universal-Projector-Mount-Compatible-for-Most-Projector-V3-V4-V5-V7-etc-p-1992957.html?rmmds=ComputersFlashDeals&cur_warehouse=CN&ID=0,Standard,1239.77
Lights,Lenovo Thinkplus Class10 High Speed TF Memory Card 256GB/128GB/64GB 100MB/s Micro SD Card Flash Card Smart Card for Phone Camera Driving Recorder,6.19,3.0,73,https://www.banggood.com/Lenovo-Thinkplus-Class10-High-Speed-TF-Memory-Card-256GB-or-128GB-or-64GB-100MB-or-s-Micro-SD-Card-Flash-Card-Smart-Card-for-Phone-Camera-Driving-Recorder-p-2026256.html?rmmds=ComputersFlashDeals&cur_warehouse=CN&ID=514256,Budget,451.87
Lights,BlitzWolf® BW-TF4 Class 10 A2 V60 UHS-1 TF Memory Card 64GB 128GB 256GB 512GB Micro SD Card Read Speeds Up to 180MB/s Supports 4K UHD Video Recording,9.28,4.8,266,https://www.banggood.com/BlitzWolf-BW-TF4-Class-10-A2-V60-UHS-1-TF-Memory-Card-64GB-128GB-256GB-512GB-Micro-SD-Card-Read-Speeds-Up-to-180MB-or-s-Supports-4K-UHD-Video-Recording-p-2041161.html?rmmds=ComputersFlashDeals&cur_warehouse=CN&ID=514256,Budget,2468.48
Lights,Baseus BS-OH194 M.2 NVMe SSD Enclosure Case 10Gbps M.2 to USB Type-C 3.2 Gen2 Metal External Adapter SSD Case,14.7,3.8,11,https://www.banggood.com/Baseus-BS-OH194-M_2-NVMe-SSD-Enclosure-Case-10Gbps-M_2-to-USB-Type-C-3_2-Gen2-Metal-External-Adapter-SSD-Case-p-2016666.html?rmmds=ComputersFlashDeals&cur_warehouse=CN&ID=0,Standard,161.7
Lights,MAIWO K35274D 4 Bay RAID External Hard Drive Enclosure with HD Port 3.5'' Type-C to SATA HDD SSD Enclosure Support 7 RAID Mode,89.8,3.3,317,https://www.banggood.com/MAIWO-K35274D-4-Bay-RAID-External-Hard-Drive-Enclosure-with-HD-Port-3_5-Type-C-to-SATA-HDD-SSD-Enclosure-Support-7-RAID-Mode-p-2029040.html?rmmds=ComputersFlashDeals&cur_warehouse=CN&ID=6287830,Premium,28466.6
Lights,Abbree CS Tactical Antenna SMA Female Dual Band 144/430Mhz Foldable Walkie Talkie for Baofeng UV 5R 13 Pro 888S Quansheng UV K5,7.73,3.4,457,https://www.banggood.com/Abbree-CS-Tactical-Antenna-SMA-Female-Dual-Band-144-or-430Mhz-Foldable-Walkie-Talkie-for-Baofeng-UV-5R-13-Pro-888S-Quansheng-UV-K5-p-2027677.html?rmmds=ComputersFlashDeals&cur_warehouse=CN&ID=0,Budget,3532.61
Lights,HXSJ T90 2.4G Triple Mode Wireless Mouse 800-3600DPI Adjustable RGB Backlight 750mAh Type-C Rechargeable Gamer Mouse,10.06,3.7,45,https://www.banggood.com/HXSJ-T90-2_4G-Triple-Mode-Wireless-Mouse-800-3600DPI-Adjustable-RGB-Backlight-750mAh-Type-C-Rechargeable-Gamer-Mouse-p-1988878.html?rmmds=ComputersFlashDeals&cur_warehouse=CN&ID=6323085,Budget,452.7
Lights,HXSJ T38 Dual-Mode Wireless Gaming Mouse RGB Lighting Silent Click 6 Buttons Adjustable DPI PAW3065 Sensor Type-C Rechargeable Mice for PC Laptop Computer,8.51,4.2,78,https://www.banggood.com/HXSJ-T38-Dual-Mode-Wireless-Gaming-Mouse-RGB-Lighting-Silent-Click-6-Buttons-Adjustable-DPI-PAW3065-Sensor-Type-C-Rechargeable-Mice-for-PC-Laptop-Computer-p-2034557.html?rmmds=ComputersFlashDeals&cur_warehouse=CN&ID=6287830,Budget,663.78
Lights,MAIWO Dual Bay 3.5-inch HDD Disk Array Hard Drive Box RAID Array Box SATA To USB 3.0 Disk External Box Four RAID Modes with Fan,44.12,4.3,386,https://www.banggood.com/MAIWO-Dual-Bay-3_5-inch-HDD-Disk-Array-Hard-Drive-Box-RAID-Array-Box-SATA-To-USB-3_0-Disk-External-Box-Four-RAID-Modes-with-Fan-p-2031666.html?rmmds=ComputersFlashDeals&cur_warehouse=CN&ID=47184,Premium,17030.32
Lights,Lenovo Thinkplus BU100 Type-C & USB3.2 Flash Drive 512GB/256GB/128GB/64GB High Speed Pendrive 360° Rotary Mobile U Disk,8.51,4.9,247,https://www.banggood.com/Lenovo-Thinkplus-BU100-Type-C-and-USB3_2-Flash-Drive-512GB-or-256GB-or-128GB-or-64GB-High-Speed-Pendrive-360-Rotary-Mobile-U-Disk-p-2029082.html?rmmds=ComputersFlashDeals&cur_warehouse=CN&ID=514256,Budget,2101.97
Lights,Microdrive Class 10 High Speed TF Memory Card 32GB 64GB 128GB 256GB Micro SD Card Flash Card Smart Card for Phone Camera Monitor Driving Recorder,5.41,3.5,463,https://www.banggood.com/Microdrive-Class-10-High-Speed-TF-Memory-Card-32GB-64GB-128GB-256GB-Micro-SD-Card-Flash-Card-Smart-Card-for-Phone-Camera-Monitor-Driving-Recorder-p-1984034.html?rmmds=ComputersFlashDeals&cur_warehouse=CN&ID=43653,Budget,2504.83
Lights,Aula F99 Mechanical Gaming Keyboard 99 Keys Tri-mode Hot Swappable PBT Two-Color Keycap BT/2.4G/Type-C Gasket RGB Customized Keyboards,82.05,3.4,169,https://www.banggood.com/Aula-F99-Mechanical-Gaming-Keyboard-99-Keys-Tri-mode-Hot-Swappable-PBT-Two-Color-Keycap-BT-or-2_4G-or-Type-C-Gasket-RGB-Customized-Keyboards-p-2013521.html?rmmds=ComputersFlashDeals&cur_warehouse=CN&ID=62878516325805,Premium,13866.45
Lights,JOMAA Tri-mode Touch Control Panel Gesture Trackpad with Multi Touch Control and Vibration Feedback Compatible with Windows& forMac System,38.7,4.0,93,https://www.banggood.com/JOMAA-Tri-mode-Touch-Control-Panel-Gesture-Trackpad-with-Multi-Touch-Control-and-Vibration-Feedback-Compatible-with-Windowsand-forMac-System-p-2041479.html?rmmds=ComputersFlashDeals&cur_warehouse=CN&ID=6287830,Premium,3599.1
Lights,GAMAKAY TK101 Tri-mode Custom Mechanical Keyboard 101 Keys Hot Swappable RGB Gasket-mount 2.4G/bluetooth/Wired Gaming Keyboards,46.44,4.8,358,https://www.banggood.com/GAMAKAY-TK101-Tri-mode-Custom-Mechanical-Keyboard-101-Keys-Hot-Swappable-RGB-Gasket-mount-2_4G-or-bluetooth-or-Wired-Gaming-Keyboards-p-2030748.html?rmmds=ComputersFlashDeals&cur_warehouse=CN&ID=62878456331801,Premium,16625.52
Lights,Lenovo ThinkPlus MU252 Type-C & USB3.1 Flash Drive 32G 64G 128G 256G Metal Interface Waterproof Heat Resistance 360° Rotation Fast Data Transmission Portable Memory U Disk,7.73,4.3,15,https://www.banggood.com/Lenovo-ThinkPlus-MU252-Type-C-and-USB3_1-Flash-Drive-32G-64G-128G-256G-Metal-Interface-Waterproof-Heat-Resistance-360-Rotation-Fast-Data-Transmission-Portable-Memory-U-Disk-p-2029913.html?rmmds=ComputersFlashDeals&cur_warehouse=CN&ID=43653,Budget,115.95
Lights,Vertical Docking Station for Mac Mini M4/M4 Pro With M.2 NVMe SSD Hard Drive Case SD/TF Port Expansion Stand HUB for Mac Mini M4,41.8,3.5,113,https://www.banggood.com/Vertical-Docking-Station-for-Mac-Mini-M4-or-M4-Pro-With-M_2-NVMe-SSD-Hard-Drive-Case-SD-or-TF-Port-Expansion-Stand-HUB-for-Mac-Mini-M4-p-2039156.html?rmmds=ComputersFlashDeals&cur_warehouse=CN&ID=6157198,Premium,4723.4
Lights,[Triple Display] Baseus 11-In-1 MST USB Type-C Hub Docking Station Adapter With Dual 4K HDMI HD Display / 1080P VGA / 100W USB-C PD Power Delivery / 1000M RJ45 Network Port /3 * USB 3.0 / 3.5mm Audio Jack  / Memory Card Readers,43.35,4.7,150,https://www.banggood.com/Triple-Display-Baseus-11-In-1-MST-USB-Type-C-Hub-Docking-Station-Adapter-With-Dual-4K-HDMI-HD-Display-or-1080P-VGA-or-100W-USB-C-PD-Power-Delivery-or-1000M-RJ45-Network-Port-or-3-+-USB-3_0-or-3_5mm-Audio-Jack-or-Memory-Card-Readers-p-2003956.html?rmmds=ComputersFlashDeals&cur_warehouse=CN&ID=6287836,Premium,6502.5
Lights,External Optical Drive USB 3.0 Type-C Transparent CD/DVD/VCD Burner Player Reader RW Drive for Mac Win System PC,13.15,3.7,396,https://www.banggood.com/External-Optical-Drive-USB-3_0-Type-C-Transparent-CD-or-DVD-or-VCD-Burner-Player-Reader-RW-Drive-for-Mac-Win-System-PC-p-1984104.html?rmmds=ComputersFlashDeals&cur_warehouse=CN&ID=0,Standard,5207.4
Lights,100/120 Inch V Buckle Extension Portable Projector Screen 16:9 4K Compatible 160° Wide Viewing Angle HD Outdoor Indoor Easy Setup Washable Projection Screen for Home Theater Backyard,17.8,3.9,495,https://www.banggood.com/100-or-120-Inch-V-Buckle-Extension-Portable-Projector-Screen-16-9-4K-Compatible-160-Wide-Viewing-Angle-HD-Outdoor-Indoor-Easy-Setup-Washable-Projection-Screen-for-Home-Theater-Backyard-p-2037411.html?rmmds=ComputersFlashDeals&cur_warehouse=CN&ID=49677,Standard,8811.0
Lights,Baseus Asymmetric Light Source Magnetic Monitor Light Bar Desk Lamp Stepless Touch Dimming USB Hanging Light LED Monitor Light Reading Light for Learning Work,29.41,4.3,33,https://www.banggood.com/Baseus-Asymmetric-Light-Source-Magnetic-Monitor-Light-Bar-Desk-Lamp-Stepless-Touch-Dimming-USB-Hanging-Light-LED-Monitor-Light-Reading-Light-for-Learning-Work-p-2026260.html?rmmds=ComputersFlashDeals&cur_warehouse=CN&ID=6287830,Premium,970.53
Lights,USB KVM Switch HDMI 2 Port Box USB and HDMI-Compatible Switch for 2 Computers Share Keyboard Mouse Printer and one HD Monitor USB Switch Splitter Support 4K@60Hz,21.67,4.0,422,https://www.banggood.com/USB-KVM-Switch-HDMI-2-Port-Box-USB-and-HDMI-Compatible-Switch-for-2-Computers-Share-Keyboard-Mouse-Printer-and-one-HD-Monitor-USB-Switch-Splitter-Support-4K-at-60Hz-p-1996884.html?rmmds=ComputersFlashDeals&cur_warehouse=CN&ID=0,Standard,9144.74
Sports,480ml Vacuum Thermos Keep Warm Keep Cold Water Bottle LCD Temperature Display Stainless Steel Double Wall Insulated Cup,6.49,3.7,440,https://www.banggood.com/480ml-Vacuum-Thermos-Keep-Warm-Keep-Cold-Water-Bottle-LCD-Temperature-Display-Stainless-Steel-Double-Wall-Insulated-Cup-p-1975323.html?rmmds=SportsFlashDeals&cur_warehouse=CN&ID=6287832,Budget,2855.6
Sports,TENGOO Men Sneakers Ultralight Soft Breathable Bouncy Shock Absorption Running Sports Shoes,23.99,3.6,479,https://www.banggood.com/TENGOO-Men-Sneakers-Ultralight-Soft-Breathable-Bouncy-Shock-Absorption-Running-Sports-Shoes-p-2010473.html?rmmds=SportsFlashDeals&cur_warehouse=CN&ID=5655066320015,Standard,11491.21
Sports,LAOTIE Round Brake Pad Electric Scooter Front Rear Scooter Disc Brake Pad Repair Tool Electric Scooter For LAOTIE ES10  ES18 Lite  L8S pro ES18 ES18P,4.99,3.2,210,https://www.banggood.com/LAOTIE-Round-Brake-Pad-Electric-Scooter-Front-Rear-Scooter-Disc-Brake-Pad-Repair-Tool-Electric-Scooter-For-LAOTIE-ES10-ES18-Lite-L8S-pro-ES18-ES18P-p-1962505.html?rmmds=SportsFlashDeals&cur_warehouse=CN&ID=0,Budget,1047.9
Sports,TENGOO Winter Outdoor Sports Cycling Gloves Windproof Waterproof Fleece Cold-Proof Ski Finger Touchscreen Non-Slip Motorcycle Gloves,7.29,3.4,400,https://www.banggood.com/TENGOO-Winter-Outdoor-Sports-Cycling-Gloves-Windproof-Waterproof-Fleece-Cold-Proof-Ski-Finger-Touchscreen-Non-Slip-Motorcycle-Gloves-p-2026532.html?rmmds=SportsFlashDeals&cur_warehouse=CN&ID=6287638,Budget,2916.0
Sports,Bijia Portable Little Paul 10x25mm Binoculars High-power HD Low-light Night Vision Concert Watching Bird BAK4 FMC Telescope,25.7,4.5,265,https://www.banggood.com/Bijia-Portable-Little-Paul-10x25mm-Binoculars-High-power-HD-Low-light-Night-Vision-Concert-Watching-Bird-BAK4-FMC-Telescope-p-2036431.html?rmmds=SportsFlashDeals&cur_warehouse=CN&ID=6287830,Standard,6810.5
Sports,IPRee Solar Camp Light Charging Decoration Atmosphere Light LED Desk Lamp Outdoor Camping Bar Light Table Light Lantern Home Decor,14.4,4.9,397,https://www.banggood.com/IPRee-Solar-Camp-Light-Charging-Decoration-Atmosphere-Light-LED-Desk-Lamp-Outdoor-Camping-Bar-Light-Table-Light-Lantern-Home-Decor-p-2040091.html?rmmds=SportsFlashDeals&cur_warehouse=CN&ID=6287830,Standard,5716.8
Sports,IPRee 12V 10W Waterproof Solar Panel Kit Efficient Power Supply for Cars and Motorcycles for Camping and Outdoor,26.8,3.5,416,https://www.banggood.com/IPRee-12V-10W-Waterproof-Solar-Panel-Kit-Efficient-Power-Supply-for-Cars-and-Motorcycles-for-Camping-and-Outdoor-p-2038796.html?rmmds=SportsFlashDeals&cur_warehouse=CN&ID=523605,Standard,11148.8
Sports,LAOTIE B06 B08 5000Lm Brightness Bike Headlight 8 LED Large Beads Dual Distance Beam Design 10000mAh Battery Phone Emergency Power Bank IPX5 Waterproof 4 Light Modes Fast Charge Bicycle Digital Display Front Light for Electric Bike Scooter MTB Bikes,20.99,4.5,289,https://www.banggood.com/LAOTIE-B06-B08-5000Lm-Brightness-Bike-Headlight-8-LED-Large-Beads-Dual-Distance-Beam-Design-10000mAh-Battery-Phone-Emergency-Power-Bank-IPX5-Waterproof-4-Light-Modes-Fast-Charge-Bicycle-Digital-Display-Front-Light-for-Electric-Bike-Scooter-MTB-Bikes-p-2023549.html?rmmds=SportsFlashDeals&cur_warehouse=CN&ID=6329636,Standard,6066.11
Sports,TENGOO Summer Water Wading Shoes Unisex Outdoor Athletic Breathable Non-slip Hiking Shoes for Outdoors Fun,16.99,4.5,326,https://www.banggood.com/TENGOO-Summer-Water-Wading-Shoes-Unisex-Outdoor-Athletic-Breathable-Non-slip-Hiking-Shoes-for-Outdoors-Fun-p-2010421.html?rmmds=SportsFlashDeals&cur_warehouse=CN&ID=474406287830,Standard,5538.74
Sports,6 Blade Fireplace Fan Heat Powered Wood Burn Fan No Electricity Oven Fan for Stove/Log Burner/Fireplace Eco Friendly Fan,19.99,3.6,81,https://www.banggood.com/6-Blade-Fireplace-Fan-Heat-Powered-Wood-Burn-Fan-No-Electricity-Oven-Fan-for-Stove-or-Log-Burner-or-Fireplace-Eco-Friendly-Fan-p-2020406.html?rmmds=SportsFlashDeals&cur_warehouse=CN&ID=510655,Standard,1619.19
Sports,TENGOO Outdoors Mesh Material Breathable Anti-slip Lightweight Sport shoes Air shoes for Running Basketball Workout Gym,24.99,4.1,14,https://www.banggood.com/TENGOO-Outdoors-Mesh-Material-Breathable-Anti-slip-Lightweight-Sport-shoes-Air-shoes-for-Running-Basketball-Workout-Gym-p-2008143.html?rmmds=SportsFlashDeals&cur_warehouse=CN&ID=62878586290768,Standard,349.86
Sports,ANGWATT Round Brake Pad For ANGWATT CS1 ANGWATT F1 NEW ANGWATT CS1 2025 Electric Scooter Front Rear Scooter Disc Brake Pad Repair Tool Electric Scooter For ANGWATT CS1 ANGWATT F1 NEW,4.38,3.9,154,https://www.banggood.com/ANGWATT-Round-Brake-Pad-For-ANGWATT-CS1-ANGWATT-F1-NEW-ANGWATT-CS1-2025-Electric-Scooter-Front-Rear-Scooter-Disc-Brake-Pad-Repair-Tool-Electric-Scooter-For-ANGWATT-CS1-ANGWATT-F1-NEW-p-2020006.html?rmmds=SportsFlashDeals&cur_warehouse=CN&ID=0,Budget,674.52
Sports,"TENGOO HV-13 Electric Heated Vest - 13 Heating Areas Loose Fit for Unisex, USB Chargeable & Waterproof for Winter Outdoors",23.99,3.8,74,"https://www.banggood.com/TENGOO-HV-13-Electric-Heated-Vest-13-Heating-Areas-Loose-Fit-for-Unisex,USB-Chargeable-and-Waterproof-for-Winter-Outdoors-p-2021103.html?rmmds=SportsFlashDeals&cur_warehouse=CN&ID=6287620",Standard,1775.26
Sports,GTMedia V8 Finder Pro 2 Celestial Planet Finder Digital Tracker Handheld Combo Meter Support DVB S2 T2 Cable Signal Finder,88.99,4.9,464,https://www.banggood.com/GTMedia-V8-Finder-Pro-2-Celestial-Planet-Finder-Digital-Tracker-Handheld-Combo-Meter-Support-DVB-S2-T2-Cable-Signal-Finder-p-2029610.html?rmmds=SportsFlashDeals&cur_warehouse=CN&ID=6296615,Premium,41291.36
Sports,SEEKNITE USB Rechargeable LED Camping Lantern with Magnetic Base and Multi-Source COB Work/Repair Light for Outdoor Use,22.99,4.9,239,https://www.banggood.com/SEEKNITE-USB-Rechargeable-LED-Camping-Lantern-with-Magnetic-Base-and-Multi-Source-COB-Work-or-Repair-Light-for-Outdoor-Use-p-2033044.html?rmmds=SportsFlashDeals&cur_warehouse=CN&ID=6287830,Standard,5494.61
Sports,5V 15W USB Solar Chargers with 5 Folding Solar Panel Portable Solar Cell Waterproof Solar Battery Chargers Power Bank,27.89,4.7,302,https://www.banggood.com/5V-15W-USB-Solar-Chargers-with-5-Folding-Solar-Panel-Portable-Solar-Cell-Waterproof-Solar-Battery-Chargers-Power-Bank-p-1985263.html?rmmds=SportsFlashDeals&cur_warehouse=CN&ID=0,Premium,8422.78
Sports,ROCKBROS Magnetic Bicycle Taillight Smart Brake Light 7 Lighting Modes IPX6 Waterproof USB Rechargeable LED Bicycle Rear Light for Night Riding,12.99,3.7,130,https://www.banggood.com/ROCKBROS-Magnetic-Bicycle-Taillight-Smart-Brake-Light-7-Lighting-Modes-IPX6-Waterproof-USB-Rechargeable-LED-Bicycle-Rear-Light-for-Night-Riding-p-2029377.html?rmmds=SportsFlashDeals&cur_warehouse=CN&ID=6287830,Budget,1688.7
Sports,Xiaolang Smart Electric Water Dispenser Portable Automatic Water Pump for Household use Small Water fold Drinkware Kitchen,10.99,3.6,228,https://www.banggood.com/Xiaolang-Smart-Electric-Water-Dispenser-Portable-Automatic-Water-Pump-for-Household-use-Small-Water-fold-Drinkware-Kitchen-p-2027516.html?rmmds=SportsFlashDeals&cur_warehouse=CN&ID=6330588,Budget,2505.72
Sports,TENGOO Outdoors Mesh Material Breathable Anti-slip Lightweight Casual Sport shoes for Running Basketball Workout Gym,13.99,4.8,362,https://www.banggood.com/TENGOO-Outdoors-Mesh-Material-Breathable-Anti-slip-Lightweight-Casual-Sport-shoes-for-Running-Basketball-Workout-Gym-p-2010445.html?rmmds=SportsFlashDeals&cur_warehouse=CN&ID=5655086314279,Standard,5064.38
Sports,ANGWATT Brake Pad For ANGWATT T1 3.0 ANGWATT T1 2.0 ANGWATT C1 2.0 ANGWATT C1 MAX ANGWATT CS1 PRO ANGWATT X1 X1 2.0,4.38,4.6,50,https://www.banggood.com/ANGWATT-Brake-Pad-For-ANGWATT-T1-3_0-ANGWATT-T1-2_0-ANGWATT-C1-2_0-ANGWATT-C1-MAX-ANGWATT-CS1-PRO-ANGWATT-X1-X1-2_0-p-2021148.html?rmmds=SportsFlashDeals&cur_warehouse=CN&ID=0,Budget,219.0
Sports,TENGOO 1Pair Electric Heated Insoles Croppable Thermal Comfortable USB Rechargeable Insoles for Winter Outdoor Skiing,7.49,3.3,445,https://www.banggood.com/TENGOO-1Pair-Electric-Heated-Insoles-Croppable-Thermal-Comfortable-USB-Rechargeable-Insoles-for-Winter-Outdoor-Skiing-p-1999094.html?rmmds=SportsFlashDeals&cur_warehouse=CN&ID=0,Budget,3333.05
Sports,"IPRee USB Lens Heater Warmer Strip with 3 Heat Settings Temperature Regulator for Camera Lens Dew Removing, Lens Heater for Outdoor Telescope Eyepieces Protection",6.99,3.4,443,"https://www.banggood.com/IPRee-USB-Lens-Heater-Warmer-Strip-with-3-Heat-Settings-Temperature-Regulator-for-Camera-Lens-Dew-Removing,Lens-Heater-for-Outdoor-Telescope-Eyepieces-Protection-p-2025988.html?rmmds=SportsFlashDeals&cur_warehouse=CN&ID=6286072",Budget,3096.57
Sports,Outdoor Camping Lantern Portable Charging LED Searchlight Tent Magnetic Attraction with Hook Flashlight Outage Emergency Work Light,10.07,3.2,159,https://www.banggood.com/Outdoor-Camping-Lantern-Portable-Charging-LED-Searchlight-Tent-Magnetic-Attraction-with-Hook-Flashlight-Outage-Emergency-Work-Light-p-2042172.html?rmmds=SportsFlashDeals&cur_warehouse=CN&ID=6287837,Budget,1601.13
Sports,1000W Solar Panel 12V Solar Cell 20A Controller Solar Plate Kit For Phone RV Car Caravan Home Camping Outdoor Battery,30.87,3.4,128,https://www.banggood.com/1000W-Solar-Panel-12V-Solar-Cell-20A-Controller-Solar-Plate-Kit-For-Phone-RV-Car-Caravan-Home-Camping-Outdoor-Battery-p-2014664.html?rmmds=SportsFlashDeals&cur_warehouse=CN&ID=6326423,Premium,3951.36
Sports,Baseus Phone Holder 5.7,7.99,4.9,330,https://www.banggood.com/Baseus-Phone-Holder-5_7-inch-7_2-inch-Adjustable-Phone-Clip-Stand-Shockproof-Portable-Bike-Holder-Phone-Bracket-for-Motorcycle-Bicycle-p-2013441.html?rmmds=SportsFlashDeals&cur_warehouse=CN&ID=0,Budget,2636.7
Sports,ROCKBROS 3.5L Lightweight Bike Saddle Bag Compact Size Capacity Portable Handbag Multifunction Cycling Bag Bicycle Accessories,7.99,4.4,400,https://www.banggood.com/ROCKBROS-3_5L-Lightweight-Bike-Saddle-Bag-Compact-Size-Capacity-Portable-Handbag-Multifunction-Cycling-Bag-Bicycle-Accessories-p-2023788.html?rmmds=SportsFlashDeals&cur_warehouse=CN&ID=6287941,Budget,3196.0
Sports,"TENGOO HZ-23 23 Zones Heated Jacket - Four-control, USB & DC Port, Smart Thermal Warm Jacket Uniex Heated Hooded Coat Outdoor Sportswear",34.99,4.9,145,"https://www.banggood.com/TENGOO-HZ-23-23-Zones-Heated-Jacket-Four-control,USB-and-DC-Port,Smart-Thermal-Warm-Jacket-Uniex-Heated-Hooded-Coat-Outdoor-Sportswear-p-2040560.html?rmmds=SportsFlashDeals&cur_warehouse=CN&ID=6287638",Premium,5073.55
Sports,"IPRee Multi-Functional Claw Hammer Sheep Horn Hammer, Convenient Camping Combination Small Tool, Stainless Steel Pliers  for Outdoor and DIY Use",15.99,3.5,166,"https://www.banggood.com/IPRee-Multi-Functional-Claw-Hammer-Sheep-Horn-Hammer,Convenient-Camping-Combination-Small-Tool,Stainless-Steel-Pliers-for-Outdoor-and-DIY-Use-p-2043289.html?rmmds=SportsFlashDeals&cur_warehouse=CN&ID=6287830",Standard,2654.34
Sports,TENGOO HV-02 Unisex 2 Zone Heating Vest 3-Gears Heated Jackets USB Electric Thermal Clothing Winter Warm Vest Outdoor Heat Coat Clothing,16.99,4.2,416,https://www.banggood.com/TENGOO-HV-02-Unisex-2-Zone-Heating-Vest-3-Gears-Heated-Jackets-USB-Electric-Thermal-Clothing-Winter-Warm-Vest-Outdoor-Heat-Coat-Clothing-p-2040359.html?rmmds=SportsFlashDeals&cur_warehouse=CN&ID=6287638,Standard,7067.84
Sports,IPRee 16 In 1 Multifunctional Hammer Survival Tool Folding Pocket Pliers With Screwdriver Bottle Opener For Survival Camping Hunting Outdoor,29.4,3.3,207,https://www.banggood.com/IPRee-16-In-1-Multifunctional-Hammer-Survival-Tool-Folding-Pocket-Pliers-With-Screwdriver-Bottle-Opener-For-Survival-Camping-Hunting-Outdoor-p-2041228.html?rmmds=SportsFlashDeals&cur_warehouse=CN&ID=224,Premium,6085.8
Sports,XHP70 Strong LED Headlamp Type-C USB Charging Outdoor Fishing Zoom Headlight Bike Running Search Head Lamp,10.37,4.0,372,https://www.banggood.com/XHP70-Strong-LED-Headlamp-Type-C-USB-Charging-Outdoor-Fishing-Zoom-Headlight-Bike-Running-Search-Head-Lamp-p-1992739.html?rmmds=SportsFlashDeals&cur_warehouse=CN&ID=0,Budget,3857.64
Sports,TF-100 36V-60V 5 Pin LCD Electric Scooter Universal Display For YUNLI JINGBO Controller LAOTIE TI30 ES19 ANGWATT T1 C1 F1 BOYUEDA KUGOO KUKIRIN DUOTTS TF100,19.99,3.6,266,https://www.banggood.com/TF-100-36V-60V-5-Pin-LCD-Electric-Scooter-Universal-Display-For-YUNLI-JINGBO-Controller-LAOTIE-TI30-ES19-ANGWATT-T1-C1-F1-BOYUEDA-KUGOO-KUKIRIN-DUOTTS-TF100-p-1998224.html?rmmds=SportsFlashDeals&cur_warehouse=CN&ID=0,Standard,5317.34
Sports,"TENGOO HT-08A Women Electric Heated Trousers - 8 Heating Areas, 3 Temperature Control, Waterproof Winter Warm Thermal Leggings Pants for Outdoors",51.99,5.0,199,"https://www.banggood.com/TENGOO-HT-08A-Women-Electric-Heated-Trousers-8-Heating-Areas,3-Temperature-Control,Waterproof-Winter-Warm-Thermal-Leggings-Pants-for-Outdoors-p-2041894.html?rmmds=SportsFlashDeals&cur_warehouse=CN&ID=6287636",Premium,10346.01
Sports,Bikight LX200 Wave Sensor 1200mAh 270° Wide Range 350LM 5 Lighting Modes LED Headlamp USB Rechargeable Head Torch COB Outdoor Cycling Adventure Fishing Flashlight Bike Headlamp,7.99,4.8,42,https://www.banggood.com/Bikight-LX200-Wave-Sensor-1200mAh-270-Wide-Range-350LM-5-Lighting-Modes-LED-Headlamp-USB-Rechargeable-Head-Torch-COB-Outdoor-Cycling-Adventure-Fishing-Flashlight-Bike-Headlamp-p-1854092.html?rmmds=SportsFlashDeals&cur_warehouse=CN&ID=6321046,Budget,335.58
Sports,"IPRee Outdoor Solar Charging 2000LM Emergency Light Long 5000mAh Battery Life, USB Charging Portable And Long-Lasting Illumination For Outdoor Folding Camping Tent Lights",17.99,3.3,243,"https://www.banggood.com/IPRee-Outdoor-Solar-Charging-2000LM-Emergency-Light-Long-5000mAh-Battery-Life,USB-Charging-Portable-And-Long-Lasting-Illumination-For-Outdoor-Folding-Camping-Tent-Lights-p-2032566.html?rmmds=SportsFlashDeals&cur_warehouse=CN&ID=6287837",Standard,4371.57
Sports,LAOTIE 36-60V Wide Voltage Turn Signal Light Electric Scootor Taillight For Electric Scooters For ES19 TI30 T30 SR10 ES18 Lite,7.99,3.9,319,https://www.banggood.com/LAOTIE-36-60V-Wide-Voltage-Turn-Signal-Light-Electric-Scootor-Taillight-For-Electric-Scooters-For-ES19-TI30-T30-SR10-ES18-Lite-p-1959442.html?rmmds=SportsFlashDeals&cur_warehouse=CN&ID=0,Budget,2548.81
Sports,KALOAD Dynamometer Hand Grips Electronic Grip Strengthener LED Display Intelligent Electronic Grip Meter,19.99,3.9,432,https://www.banggood.com/KALOAD-Dynamometer-Hand-Grips-Electronic-Grip-Strengthener-LED-Display-Intelligent-Electronic-Grip-Meter-p-2025281.html?rmmds=SportsFlashDeals&cur_warehouse=CN&ID=233,Standard,8635.68
Sports,ANGWATT 60V Electric Scooter Charger For LAOTIE ES19 TI30 ES18P SR10 ANGWATT T1 X1 C1 MAX DUOTTS D88 BOYUEDA S3,21.91,5.0,456,https://www.banggood.com/ANGWATT-60V-Electric-Scooter-Charger-For-LAOTIE-ES19-TI30-ES18P-SR10-ANGWATT-T1-X1-C1-MAX-DUOTTS-D88-BOYUEDA-S3-p-1995392.html?rmmds=SportsFlashDeals&cur_warehouse=CN&ID=0,Standard,9990.96
Sports,XIAOMI Mijia Massage Gun 3 Mini Edition Smart Dual Mode 12kg High Thrust Brushless Silent Motor Gear Memory Strength Indicator Light Ring Portable Muscle Effective Relief Massage Gun,49.99,4.2,268,https://www.banggood.com/XIAOMI-Mijia-Massage-Gun-3-Mini-Edition-Smart-Dual-Mode-12kg-High-Thrust-Brushless-Silent-Motor-Gear-Memory-Strength-Indicator-Light-Ring-Portable-Muscle-Effective-Relief-Massage-Gun-p-2030654.html?rmmds=SportsFlashDeals&cur_warehouse=CN&ID=6288208,Premium,13397.32
Sports,ATuMan DUKA LS-P Intelligent Digital Laser Rangefinder Rechargeable Hunting Golf Distance Meter Range Finder,22.99,3.2,350,https://www.banggood.com/ATuMan-DUKA-LS-P-Intelligent-Digital-Laser-Rangefinder-Rechargeable-Hunting-Golf-Distance-Meter-Range-Finder-p-1515410.html?rmmds=SportsFlashDeals&cur_warehouse=CN&ID=0,Standard,8046.5
Sports,Trustfire H7R 2000 Lumen Red White 4000K CRI95 Head LED Headlamp Work Light USB Rechargeable with Spotlight Floodlight LED Headlight,35.5,3.7,404,https://www.banggood.com/Trustfire-H7R-2000-Lumen-Red-White-4000K-CRI95-Head-LED-Headlamp-Work-Light-USB-Rechargeable-with-Spotlight-Floodlight-LED-Headlight-p-2041824.html?rmmds=SportsFlashDeals&cur_warehouse=CN&ID=6287851,Premium,14342.0
Sports,[Type-C Version]MAGICSHINE RN120 V2.0 Bike Taillight 260° Visibility IPX6 Waterproof 2000m Distance Bicycle Rear Light for Night Cycling,19.99,4.4,470,https://www.banggood.com/Type-C-VersionMAGICSHINE-RN120-V2_0-Bike-Taillight-260-Visibility-IPX6-Waterproof-2000m-Distance-Bicycle-Rear-Light-for-Night-Cycling-p-1993805.html?rmmds=SportsFlashDeals&cur_warehouse=CN&ID=0,Standard,9395.3
Sports,ANGWATT Switch Handlebar Switch Shift For ANGWATT X1 ANGWATT CS1 ANGWATT F1 NEW ANGWATT T1 2.0 ANGWATT C1 MAX ANGWATT C1 2.0,13.7,4.8,327,https://www.banggood.com/ANGWATT-Switch-Handlebar-Switch-Shift-For-ANGWATT-X1-ANGWATT-CS1-ANGWATT-F1-NEW-ANGWATT-T1-2_0-ANGWATT-C1-MAX-ANGWATT-C1-2_0-p-2021139.html?rmmds=SportsFlashDeals&cur_warehouse=CN&ID=6287830,Standard,4479.9
Sports,IPRee 7 Meter/50 LED Solar Droplet Lights String Outdoor Waterproof Garden Lawn Paths Fencing Wedding Party Holiday Decora Solar Powered Light,9.99,4.0,169,https://www.banggood.com/IPRee-7-Meter-or-50-LED-Solar-Droplet-Lights-String-Outdoor-Waterproof-Garden-Lawn-Paths-Fencing-Wedding-Party-Holiday-Decora-Solar-Powered-Light-p-2041230.html?rmmds=SportsFlashDeals&cur_warehouse=CN&ID=6290428,Budget,1688.31
Sports,TENGOO 1pc Winter Neck Gaiter Hat For Men And Women Camping Fleece Neck Gaiter Ski Tube Scarf Snowboard Half Face Mask Face Cover Men Women Outdoor Cold Proof Neck Winter,7.99,3.2,127,https://www.banggood.com/TENGOO-1pc-Winter-Neck-Gaiter-Hat-For-Men-And-Women-Camping-Fleece-Neck-Gaiter-Ski-Tube-Scarf-Snowboard-Half-Face-Mask-Face-Cover-Men-Women-Outdoor-Cold-Proof-Neck-Winter-p-2024100.html?rmmds=SportsFlashDeals&cur_warehouse=CN&ID=6290823,Budget,1014.73
Sports,ANGWATT Speed Throttle For ANGWATT X1 ANGWATT CS1 ANGWATT F1 NEW ANGWATT T1 2.0 ANGWATT C1 2.0 ANGWATT C1 MAX ANGWATT T1 3.0 ANGWATT X1 2.0 ANGWATT CS1 PRO ANGWATT CS1 2025,13.7,4.1,39,https://www.banggood.com/ANGWATT-Speed-Throttle-For-ANGWATT-X1-ANGWATT-CS1-ANGWATT-F1-NEW-ANGWATT-T1-2_0-ANGWATT-C1-2_0-ANGWATT-C1-MAX-ANGWATT-T1-3_0-ANGWATT-X1-2_0-ANGWATT-CS1-PRO-ANGWATT-CS1-2025-p-2021141.html?rmmds=SportsFlashDeals&cur_warehouse=CN&ID=6287830,Standard,534.3
Sports,LAOTIE BM2 Universal Bike Phone Holder Four Corners Shockproof Free Rotation 4.0,9.99,3.3,434,https://www.banggood.com/LAOTIE-BM2-Universal-Bike-Phone-Holder-Four-Corners-Shockproof-Free-Rotation-4_0-inch-7_0-inch-Cellphone-Electric-Scooter-Motorcycle-Bicycle-Mount-for-SAMEBIKE-LAOTIE-p-2014903.html?rmmds=SportsFlashDeals&cur_warehouse=CN&ID=0,Budget,4335.66
Sports,Anti-theft Lock For Electric Scooter Xiaomi Mijia Electric Scooter Electric Bike Disc Brake Lock With Steel Wire Bicycle Mountain Bike Motorcycle Disc lock Safety Theft Protect,4.59,3.4,323,https://www.banggood.com/Anti-theft-Lock-For-Electric-Scooter-Xiaomi-Mijia-Electric-Scooter-Electric-Bike-Disc-Brake-Lock-With-Steel-Wire-Bicycle-Mountain-Bike-Motorcycle-Disc-lock-Safety-Theft-Protect-p-1981220.html?rmmds=SportsFlashDeals&cur_warehouse=CN&ID=6287830,Budget,1482.57
Mobile,4MP HD WiFi Solar Powered Camera PTZ Night Vision PIR Human Detect Two Way Audio 7200mAh Battery Outdoors Wireless Security CCTV Camera,34.83,3.8,423,https://www.banggood.com/4MP-HD-WiFi-Solar-Powered-Camera-PTZ-Night-Vision-PIR-Human-Detect-Two-Way-Audio-7200mAh-Battery-Outdoors-Wireless-Security-CCTV-Camera-p-2041856.html?rmmds=ElectronicsFlashDeals&cur_warehouse=CN&ID=6287845,Premium,14733.09
Mobile,ABBREE AR-771S SMA Female Universal Soft Antenna For Baofeng UV5R UV5RH BF888S Quansheng,5.41,3.7,10,https://www.banggood.com/ABBREE-AR-771S-SMA-Female-Universal-Soft-Antenna-For-Baofeng-UV5R-UV5RH-BF888S-Quansheng-p-2036442.html?rmmds=ElectronicsFlashDeals&cur_warehouse=CN&ID=6308406,Budget,54.1
Mobile,Chameleon 3.0 Smart Card Emulator Compatible with NFC Reader Writer RFID Smart Chip ID IC Reader Tag Copyer,18.57,4.9,356,https://www.banggood.com/Chameleon-3_0-Smart-Card-Emulator-Compatible-with-NFC-Reader-Writer-RFID-Smart-Chip-ID-IC-Reader-Tag-Copyer-p-2041415.html?rmmds=ElectronicsFlashDeals&cur_warehouse=CN&ID=6287830,Standard,6610.92
Mobile,Laser Engraving Blank Aluminum Sheets 86x54x021mm Smooth Surface for Business Cards Gift Cards DIY Projects,7.73,4.5,478,https://www.banggood.com/Laser-Engraving-Blank-Aluminum-Sheets-86x54x021mm-Smooth-Surface-for-Business-Cards-Gift-Cards-DIY-Projects-p-2043312.html?rmmds=ElectronicsFlashDeals&cur_warehouse=CN&ID=6287830,Budget,3694.94
Mobile,WG39 WiFi IP Camera 1080P Full Color Night Vision IP66 Waterproof Two Way Audio Pan Tilt Control AI Motion Monitoring EU Plug Security Camera,29.41,4.9,142,https://www.banggood.com/WG39-WiFi-IP-Camera-1080P-Full-Color-Night-Vision-IP66-Waterproof-Two-Way-Audio-Pan-Tilt-Control-AI-Motion-Monitoring-EU-Plug-Security-Camera-p-2035242.html?rmmds=ElectronicsFlashDeals&cur_warehouse=CN&ID=47184,Premium,4176.22
Mobile,0.5-470MHz RF Signal Generator for FM Walkie-Talkie Sensitivity Test with CTCSS & 800Hz Modulation -120dBm Accuracy,41.02,4.5,436,https://www.banggood.com/0_5-470MHz-RF-Signal-Generator-for-FM-Walkie-Talkie-Sensitivity-Test-with-CTCSS-and-800Hz-Modulation-120dBm-Accuracy-p-2036459.html?rmmds=ElectronicsFlashDeals&cur_warehouse=CN&ID=229,Premium,17884.72
Mobile,FNIRSI-FNB58 USB QC/PD Voltage and Current Meter Tester Type-C Multi-functional Fast Charging Tester HD Screen Display Human-Computer Interaction Cable Detection Measure Module,27.86,3.5,362,https://www.banggood.com/FNIRSI-FNB58-USB-QC-or-PD-Voltage-and-Current-Meter-Tester-Type-C-Multi-functional-Fast-Charging-Tester-HD-Screen-Display-Human-Computer-Interaction-Cable-Detection-Measure-Module-p-1969833.html?rmmds=ElectronicsFlashDeals&cur_warehouse=CN&ID=6321012,Standard,10085.32
Mobile,RANA Z Axis Lift Height Adjuster 55mm Stroke Sheet Metal Design Laser Module Focusing Control TT-5.5S TTS-25 TTS-55 TTS-10 Engraving Machine Accessory,13.15,4.3,289,https://www.banggood.com/RANA-Z-Axis-Lift-Height-Adjuster-55mm-Stroke-Sheet-Metal-Design-Laser-Module-Focusing-Control-TT-5_5S-TTS-25-TTS-55-TTS-10-Engraving-Machine-Accessory-p-2040923.html?rmmds=ElectronicsFlashDeals&cur_warehouse=CN&ID=6287830,Standard,3800.35
Mobile,PGST PG-103 Tuya Wireless Alarm System for Home Burglar Security WiFi GSM APP Voice Control Support Alexa Google Assistant,33.28,3.9,215,https://www.banggood.com/PGST-PG-103-Tuya-Wireless-Alarm-System-for-Home-Burglar-Security-WiFi-GSM-APP-Voice-Control-Support-Alexa-Google-Assistant-p-2004950.html?rmmds=ElectronicsFlashDeals&cur_warehouse=CN&ID=0,Premium,7155.2
Mobile,AMNVOLT ATR1000 1000W 1.8-30MHz Automatic Antenna Tuner HF Shortwave Radio Tuner Supports WIFI Remote Control For YAESU ICOM,232.24,3.8,409,https://www.banggood.com/AMNVOLT-ATR1000-1000W-1_8-30MHz-Automatic-Antenna-Tuner-HF-Shortwave-Radio-Tuner-Supports-WIFI-Remote-Control-For-YAESU-ICOM-p-2042560.html?rmmds=ElectronicsFlashDeals&cur_warehouse=CN&ID=6287830,Premium,94986.16
Mobile,"SCULPFUN S9  Air Assist Nozzle Kit without Air Pump, High Speed Air Assist, Full Metal Structure",23.22,3.8,352,"https://www.banggood.com/SCULPFUN-S9-Air-Assist-Nozzle-Kit-without-Air-Pump,High-Speed-Air-Assist,Full-Metal-Structure-p-1963500.html?rmmds=ElectronicsFlashDeals&cur_warehouse=CN&ID=0",Standard,8173.44
Mobile,DC1018p DC1036p 5V/9V/12V Large Capacity UPS For Router Mini UPS Uninterrupted Power Supply DC1018p/DC1036p Ion Backup Battery,17.8,4.4,186,https://www.banggood.com/DC1018p-DC1036p-5V-or-9V-or-12V-Large-Capacity-UPS-For-Router-Mini-UPS-Uninterrupted-Power-Supply-DC1018p-or-DC1036p-Ion-Backup-Battery-p-2032635.html?rmmds=ElectronicsFlashDeals&cur_warehouse=CN&ID=471846332500,Standard,3310.8
Mobile,12V/24V/36V/48V 8-70V LCD Acid Lead 3.7V Lithium Battery Capacity Indicator Digital Voltmeter,4.17,3.8,251,https://www.banggood.com/12V-or-24V-or-36V-or-48V-8-70V-LCD-Acid-Lead-3_7V-Lithium-Battery-Capacity-Indicator-Digital-Voltmeter-p-1326158.html?rmmds=ElectronicsFlashDeals&cur_warehouse=CN&ID=0,Budget,1046.67
Mobile,SCULPFUN S9/S10 standard limit switch  Open homing positioning function  Perfect match S9/S10 Easy to install  Direct use no need purchasing additional accessories,13.93,4.5,75,https://www.banggood.com/SCULPFUN-S9-or-S10-standard-limit-switch-Open-homing-positioning-function-Perfect-match-S9-or-S10-Easy-to-install-Direct-use-no-need-purchasing-additional-accessories-p-1974938.html?rmmds=ElectronicsFlashDeals&cur_warehouse=CN&ID=0,Standard,1044.75
Mobile,2 in 1 Version WiFi Function Tuya And Smart Life Smoke Detector Sensor & Carbon Monoxide Co Gas Detector Smoke Fire Sound Alarm,13.15,3.4,63,https://www.banggood.com/2-in-1-Version-WiFi-Function-Tuya-And-Smart-Life-Smoke-Detector-Sensor-and-Carbon-Monoxide-Co-Gas-Detector-Smoke-Fire-Sound-Alarm-p-1978139.html?rmmds=ElectronicsFlashDeals&cur_warehouse=CN&ID=6327276,Standard,828.45
Mobile,ABBREE AR-806 AR-806+ Dual Band Mini Antenna 136-174MHz 400-480MHz SMA-Female High Gain for Baofeng UV-5R BF-888S Walkie Talkie,4.64,4.5,111,https://www.banggood.com/ABBREE-AR-806-AR-806+-Dual-Band-Mini-Antenna-136-174MHz-400-480MHz-SMA-Female-High-Gain-for-Baofeng-UV-5R-BF-888S-Walkie-Talkie-p-2028878.html?rmmds=ElectronicsFlashDeals&cur_warehouse=CN&ID=6331085,Budget,515.04
Mobile,Anti-lose Tracker for iOS Airtag Replacement via Find My Bluetooth GPS Tracker for Luggage iOS MFi Key Finder,6.19,3.8,199,https://www.banggood.com/Anti-lose-Tracker-for-iOS-Airtag-Replacement-via-Find-My-Bluetooth-GPS-Tracker-for-Luggage-iOS-MFi-Key-Finder-p-2033271.html?rmmds=ElectronicsFlashDeals&cur_warehouse=CN&ID=6327276,Budget,1231.81
Mobile,ABBREE AR-805S Dual Band Antenna 144MHz 430MHz 10W SMA-Female Connector High Gain Compact Design for Handheld Radios,4.25,4.4,334,https://www.banggood.com/ABBREE-AR-805S-Dual-Band-Antenna-144MHz-430MHz-10W-SMA-Female-Connector-High-Gain-Compact-Design-for-Handheld-Radios-p-2028877.html?rmmds=ElectronicsFlashDeals&cur_warehouse=CN&ID=527743,Budget,1419.5
Mobile,BAOFENG 2 Pins Plug USB Programming Cable for Walkie Talkie for UV-5R serise BF-888S Walkie Talkie Accessories,4.25,4.6,68,https://www.banggood.com/BAOFENG-2-Pins-Plug-USB-Programming-Cable-for-Walkie-Talkie-for-UV-5R-serise-BF-888S-Walkie-Talkie-Accessories-p-1738108.html?rmmds=ElectronicsFlashDeals&cur_warehouse=CN&ID=0,Budget,289.0
Mobile,8.5 x 5.5cm 400 Tie Points 400 Holes Solderless Breadboard Bread Board,2.78,3.2,435,https://www.banggood.com/8_5-x-5_5cm-400-Tie-Points-400-Holes-Solderless-Breadboard-Bread-Board-p-91872.html?rmmds=ElectronicsFlashDeals&cur_warehouse=CN&ID=0,Budget,1209.3
Mobile,ABBREE AR-188 SMA-Female Tactical Antenna Dual Band 25W UHF/VHF 136-174MHz 400-520MHz High Gain Compatible With Baofeng Radios Enhanced Signal Reception,4.25,4.8,362,https://www.banggood.com/ABBREE-AR-188-SMA-Female-Tactical-Antenna-Dual-Band-25W-UHF-or-VHF-136-174MHz-400-520MHz-High-Gain-Compatible-With-Baofeng-Radios-Enhanced-Signal-Reception-p-2031219.html?rmmds=ElectronicsFlashDeals&cur_warehouse=CN&ID=0,Budget,1538.5
Mobile,ABBREE AR-795 Walkie Talkie Antenna UV-795 Dual Band High Gain SMA-Female V/UHF Antenna for Baofeng UV-5R UV-32 UV-21 PRO Quansheng K5 TK11,5.41,3.6,495,https://www.banggood.com/ABBREE-AR-795-Walkie-Talkie-Antenna-UV-795-Dual-Band-High-Gain-SMA-Female-V-or-UHF-Antenna-for-Baofeng-UV-5R-UV-32-UV-21-PRO-Quansheng-K5-TK11-p-2039743.html?rmmds=ElectronicsFlashDeals&cur_warehouse=CN&ID=6334679,Budget,2677.95
Mobile,Contactless Smart Card Emulator ID IC Chip Detect Card RFID Tag Emulator Compliant with NFC Reading Writer,19.35,3.4,195,https://www.banggood.com/Contactless-Smart-Card-Emulator-ID-IC-Chip-Detect-Card-RFID-Tag-Emulator-Compliant-with-NFC-Reading-Writer-p-2041048.html?rmmds=ElectronicsFlashDeals&cur_warehouse=CN&ID=530695,Standard,3773.25
Mobile,Two Way Radio Walkie Talkie 2 Pin Radio Handheld Microphone Speaker for Motorola BAOFENG PUXING,4.64,3.7,16,https://www.banggood.com/Two-Way-Radio-Walkie-Talkie-2-Pin-Radio-Handheld-Microphone-Speaker-for-Motorola-BAOFENG-PUXING-p-1288856.html?rmmds=ElectronicsFlashDeals&cur_warehouse=CN&ID=0,Budget,74.24
Mobile,Signal Amplifier 100k-6GHz Full Band Low Noise 9037BAT-LNA RF Amplifier High Linearity Ultra-Low Noise Gain Block Amplifier,10.06,4.4,375,https://www.banggood.com/Signal-Amplifier-100k-6GHz-Full-Band-Low-Noise-9037BAT-LNA-RF-Amplifier-High-Linearity-Ultra-Low-Noise-Gain-Block-Amplifier-p-2012844.html?rmmds=ElectronicsFlashDeals&cur_warehouse=CN&ID=0,Budget,3772.5
Mobile,JYETech DSO183 DIY Oscilloscope Kit 500KHz ADC Built in Signal Generator Waveform Display for Electronic Competition Training,12.21,3.5,317,https://www.banggood.com/JYETech-DSO183-DIY-Oscilloscope-Kit-500KHz-ADC-Built-in-Signal-Generator-Waveform-Display-for-Electronic-Competition-Training-p-2035976.html?rmmds=ElectronicsFlashDeals&cur_warehouse=CN&ID=6321524,Budget,3870.57
Mobile,Donut AM MW/SW Mini Loop Antenna+High Resistance Amplifier Kit for HFDY Malahiteam DSP DSP2 Receiver HF Middle Wave,22.22,4.4,309,https://www.banggood.com/Donut-AM-MW-or-SW-Mini-Loop-Antenna+High-Resistance-Amplifier-Kit-for-HFDY-Malahiteam-DSP-DSP2-Receiver-HF-Middle-Wave-p-1997437.html?rmmds=ElectronicsFlashDeals&cur_warehouse=CN&ID=0,Standard,6865.98
Mobile,Hohem M7 iSteady M7 Cell Phone Gimbal Stabilizer 3-axis Anti-Shake Stands Extendable Selfie Stick for Live Vlog,205.15,4.9,210,https://www.banggood.com/Hohem-M7-iSteady-M7-Cell-Phone-Gimbal-Stabilizer-3-axis-Anti-Shake-Stands-Extendable-Selfie-Stick-for-Live-Vlog-p-2029635.html?rmmds=ElectronicsFlashDeals&cur_warehouse=CN&ID=6331384,Premium,43081.5
Mobile,KEWEISI KWS-1902L Type-C Tester 4-30V 0-8A Power Meter USB Fast Charging Monitor Bidirectional Testing TFT Display High Precision Voltage Current Measurement,7.42,4.1,262,https://www.banggood.com/KEWEISI-KWS-1902L-Type-C-Tester-4-30V-0-8A-Power-Meter-USB-Fast-Charging-Monitor-Bidirectional-Testing-TFT-Display-High-Precision-Voltage-Current-Measurement-p-2041769.html?rmmds=ElectronicsFlashDeals&cur_warehouse=CN&ID=6287845,Budget,1944.04
Mobile,5Pcs LM2596 DC-DC Voltage Regulator Adjustable Step Down Power Supply Module With Display,8.51,3.4,37,https://www.banggood.com/5Pcs-LM2596-DC-DC-Voltage-Regulator-Adjustable-Step-Down-Power-Supply-Module-With-Display-p-1180685.html?rmmds=ElectronicsFlashDeals&cur_warehouse=CN&ID=0,Budget,314.87
Mobile,XY6020L 6-70V CNC Adjustable Stabilized Voltage Power Supply Constant Voltage Constant Current 20A/1200W Buck Module,6.96,3.3,192,https://www.banggood.com/XY6020L-6-70V-CNC-Adjustable-Stabilized-Voltage-Power-Supply-Constant-Voltage-Constant-Current-20A-or-1200W-Buck-Module-p-1995536.html?rmmds=ElectronicsFlashDeals&cur_warehouse=CN&ID=6336066,Budget,1336.32
Mobile,LILYGO® T-Deck Pro ESP32-S3 Development Board 4G/PCM5102A/LoRa/GPS E-Paper Touchscreen QWIIC Interface IoT Communication Device,89.02,3.1,450,https://www.banggood.com/LILYGO-T-Deck-Pro-ESP32-S3-Development-Board-4G-or-PCM5102A-or-LoRa-or-GPS-E-Paper-Touchscreen-QWIIC-Interface-IoT-Communication-Device-p-2036455.html?rmmds=ElectronicsFlashDeals&cur_warehouse=CN&ID=63241736333564,Premium,40059.0
Mobile,6 Digits DIY Clock Kit Auto Display Time DIY Alarm Clock Soldering Practice Kit for Students and Diyers DC4.5V-5.5V,7.73,3.6,175,https://www.banggood.com/6-Digits-DIY-Clock-Kit-Auto-Display-Time-DIY-Alarm-Clock-Soldering-Practice-Kit-for-Students-and-Diyers-DC4_5V-5_5V-p-2009342.html?rmmds=ElectronicsFlashDeals&cur_warehouse=CN&ID=6314576,Budget,1352.75
Mobile,HackRF One Bareboard NewMayhem Firmware V1.7.3 Hackrf One 1MHz-6GHz Software Defined Radio,74.31,4.7,153,https://www.banggood.com/HackRF-One-Bareboard-NewMayhem-Firmware-V1_7_3-Hackrf-One-1MHz-6GHz-Software-Defined-Radio-p-1998396.html?rmmds=ElectronicsFlashDeals&cur_warehouse=CN&ID=0,Premium,11369.43
Mobile,1003L 10,30.96,3.8,219,https://www.banggood.com/1003L-10-inch-IPS-Digital-Picture-Frame-1280x800-HD-Photo-Video-Player-Remote-Control-Calendar-Clock-Plug-and-Play-SD-or-USB-Wall-Mount-Home-Decor-Gift-for-Family-p-2032652.html?rmmds=ElectronicsFlashDeals&cur_warehouse=CN&ID=471846287845,Premium,6780.24
Mobile,Electromagnetic DIY Electronic Kit Long-range Projectile High-voltage Coil Booster Circuit Board Production Welding Electronic Science Experiment,6.96,4.7,317,https://www.banggood.com/Electromagnetic-DIY-Electronic-Kit-Long-range-Projectile-High-voltage-Coil-Booster-Circuit-Board-Production-Welding-Electronic-Science-Experiment-p-2011151.html?rmmds=ElectronicsFlashDeals&cur_warehouse=CN&ID=6309505,Budget,2206.32
Mobile,Geekcreit® DIY Radio Electronic Kit Parts 51 Single-chip FM Digital Sound Machine,9.75,4.9,281,https://www.banggood.com/Geekcreit-DIY-Radio-Electronic-Kit-Parts-51-Single-chip-FM-Digital-Sound-Machine-p-1982860.html?rmmds=ElectronicsFlashDeals&cur_warehouse=CN&ID=0,Budget,2739.75
Mobile,LILYGO® T-Display-S3 ESP32-S3 1.9 inch ST7789 LCD Display Development Board WIFI Bluetooth5.0 Wireless Module 170*320 Resolution,12.38,4.9,489,https://www.banggood.com/LILYGO-T-Display-S3-ESP32-S3-1_9-inch-ST7789-LCD-Display-Development-Board-WIFI-Bluetooth5_0-Wireless-Module-170+320-Resolution-p-1993268.html?rmmds=ElectronicsFlashDeals&cur_warehouse=CN&ID=6320854,Budget,6053.82
Mobile,AlgoLaser Simple Rotary Roller Plug and Play for 5-100mm Diameter Objects Laser Engraving Parts Accessory,46.44,4.7,109,https://www.banggood.com/AlgoLaser-Simple-Rotary-Roller-Plug-and-Play-for-5-100mm-Diameter-Objects-Laser-Engraving-Parts-Accessory-p-2037010.html?rmmds=ElectronicsFlashDeals&cur_warehouse=CN&ID=6287830,Premium,5061.96
Mobile,RIDEN® RD6018 RD6018W RD6024 RD6024W RD6030 Digital Switching Power Supply Case S800 Shell For Voltage Converter,27.86,4.9,87,https://www.banggood.com/RIDEN-RD6018-RD6018W-RD6024-RD6024W-RD6030-Digital-Switching-Power-Supply-Case-S800-Shell-For-Voltage-Converter-p-1995241.html?rmmds=ElectronicsFlashDeals&cur_warehouse=CN&ID=6323987,Standard,2423.82
Mobile,ST-15B 87-108MHz 15W FM Broadcast Transmitter Stereo PLL FM Radio Broadcast Station,62.67,3.5,392,https://www.banggood.com/ST-15B-87-108MHz-15W-FM-Broadcast-Transmitter-Stereo-PLL-FM-Radio-Broadcast-Station-p-2043154.html?rmmds=ElectronicsFlashDeals&cur_warehouse=CN&ID=6333530,Premium,24566.64
Mobile,Sipeed NanoKVM PiKVM Mini Remote Control Server 1080P 60fps RISC-V USB OLED Display Development Board,29.77,4.8,194,https://www.banggood.com/Sipeed-NanoKVM-PiKVM-Mini-Remote-Control-Server-1080P-60fps-RISC-V-USB-OLED-Display-Development-Board-p-2032971.html?rmmds=ElectronicsFlashDeals&cur_warehouse=CN&ID=6332583,Premium,5775.38
Mobile,RF 2-in-1 IoT Module for M5Stack StickCPlus StickC Plus Extension with NRF24 2.4GHz and CC1101 433MHz Support Bruce Firmware,21.36,4.7,444,https://www.banggood.com/RF-2-in-1-IoT-Module-for-M5Stack-StickCPlus-StickC-Plus-Extension-with-NRF24-2_4GHz-and-CC1101-433MHz-Support-Bruce-Firmware-p-2038692.html?rmmds=ElectronicsFlashDeals&cur_warehouse=CN&ID=6300084,Standard,9483.84
Mobile,NITECORE BB nano 40000RPM Electric Camera Air Blower Mini High-speed Cordless Vacuum Cleaner Len Sensor Duster for Cameras Keyboard Anime Car Pet,23.99,3.5,215,https://www.banggood.com/NITECORE-BB-nano-40000RPM-Electric-Camera-Air-Blower-Mini-High-speed-Cordless-Vacuum-Cleaner-Len-Sensor-Duster-for-Cameras-Keyboard-Anime-Car-Pet-p-2008799.html?rmmds=ElectronicsFlashDeals&cur_warehouse=CN&ID=0,Standard,5157.85
Mobile,High Impedance Amplifier for SDR Walkie Talkie Small Loop Antenna HackRF One Donut Antenna,10.77,4.9,199,https://www.banggood.com/High-Impedance-Amplifier-for-SDR-Walkie-Talkie-Small-Loop-Antenna-HackRF-One-Donut-Antenna-p-1997436.html?rmmds=ElectronicsFlashDeals&cur_warehouse=CN&ID=6287830,Budget,2143.23
Mobile,RIDEN® 1500W AC110V/220V to DC 68V Regulated Switching Power Supply for RD6018 RD6024 RD6030,79.27,3.2,146,https://www.banggood.com/RIDEN-1500W-AC110V-or-220V-to-DC-68V-Regulated-Switching-Power-Supply-for-RD6018-RD6024-RD6030-p-1995203.html?rmmds=ElectronicsFlashDeals&cur_warehouse=CN&ID=0,Premium,11573.42
Mobile,Graphics Card Docking Station Video Card Dock Station Beast Oculink PCI-E 4.0 X4 Laptop for Oculink Interface,41.8,3.3,173,https://www.banggood.com/Graphics-Card-Docking-Station-Video-Card-Dock-Station-Beast-Oculink-PCI-E-4_0-X4-Laptop-for-Oculink-Interface-p-2007344.html?rmmds=ElectronicsFlashDeals&cur_warehouse=CN&ID=6325495,Premium,7231.4
Mobile,2.4GHz Microwave RF Power Amplifier Module 10W Output 40dB Gain High-Frequency Amplifier Board for Wireless Communication Systems,26.31,3.4,290,https://www.banggood.com/2_4GHz-Microwave-RF-Power-Amplifier-Module-10W-Output-40dB-Gain-High-Frequency-Amplifier-Board-for-Wireless-Communication-Systems-p-2024404.html?rmmds=ElectronicsFlashDeals&cur_warehouse=CN&ID=6329856,Standard,7629.9
